0004,משרד ראש הממשלה,2011,2101228,2005160,3396603
0019,משרד המדע והטכנולוגיה  ומשרד התרבות והספורט,2011,1061859,954931,1308645
000401,תחום פעולה כללי,2011,444617,362937,803824
000402,ראשות הממשלה,2011,406887,386728,744851
000403,סטטיסטיקה ממלכתית,2011,173208,197130,237845
000404,רזרבה לסעיף ראש הממשלה,2011,,36988,0
000405,לשכת העיתונות הממשלתית,2011,4647,7188,10214
000406,מימון פעולות תוכנית,2011,425530,240900,534860
000407,רזרבה להתייקרויות      ולעמידה ביעד ההוצאה,2011,-1,0,-1
000408,שירותי דת,2011,385904,373326,574164
000409,רבנות ראשית,2011,18903,19927,25280
000415,נתיב,2011,65156,66953,101221
000416,נציבות שירות המדינה,2011,51427,64743,69066
000421,המשרד לפיתוח הנגב      והגליל,2011,110545,169000,259115
000422,תוכנית לחיזוק הצפון,2011,,29340,3245
000423,המשרד לשיתוף פעולה     אזורי,2011,14405,50000,32918
000499,חשבון מעבר,2011,0,0,
001901,מינהל ושירותים כלליים,2011,56442,55240,64995
001904,מינהל מדע,2011,167205,103416,234905
001907,רזרבה,2011,,22945,0
001921,רשות העתיקות,2011,81563,57113,81563
001931,תרבות,2011,639035,607128,745068
001937,מינהל הספורט,2011,117764,109089,182114
001999,חשבוןמעבר,2011,-150,0,
00040111,שירותים מרכזיים,2011,69947,81976,125680
00040112,המינהלה לפרוייקטים,2011,150360,73572,277991
00040113,ועדת וינוגרד,2011,-1,0,-1
00040114,מנהלת השירות האזרחי,2011,78339,65899,94161
00040115,מנהלת השיחות עם        הפלסטינאים,2011,-1,0,-1
00040116,מטה הסברה לאומי,2011,2838,6696,7044
00040117,העצמת תשתיות מורשת     לאומית,2011,1043,0,52896
00040118,ועדת טירקל,2011,5055,0,6622
00040119,אמרכלות,2011,49622,48171,66712
00040120,מערך הגיור,2011,31947,40939,81683
00040121,הוועדה הבינמשרדית      להיערכות לרעידות אדמה,2011,1335,0,14709
00040122,מטה קיברנטי לאומי,2011,,,1200
00040131,ארכיון המדינה,2011,2954,0,8959
00040132,הנצחת נשיאים וראשי     ממשלה,2011,-1,0,-1
00040139,אמרכלות ארכיון המדינה,2011,24175,23413,30688
00040161,מחקרים שונים,2011,0,0,47
00040162,השתתפות האפוטרופוס כללי,2011,-1,0,-1
00040164,השתתפות אפוטרופוס,2011,-1,0,-1
00040171,מרכז בגין,2011,6841,5170,8491
00040172,מרכז רבין,2011,7604,4691,8143
00040173,מרכז הסברה,2011,12450,12410,15615
00040175,היכל הגבורה ים-עכו,2011,-1,0,-1
00040176,חלקת גדולי האומה,2011,57,0,3057
00040178,הרשות למלחמה בסמים,2011,-1,0,-1
00040190,פעולות בעקבות המצב     הבטחוני בצפון,2011,-1,0,-1
00040198,סיוע נפגעות תקיפה מינית,2011,50,0,126
00040211,לשכת ראש הממשלה,2011,,0,775
00040212,מזכירות הממשלה,2011,5153,4446,5567
00040214,יעוץ לראש הממשלה,2011,10143,7207,19691
00040215,לשכת ראש הממשלה לשעבר  נתניהו,2011,-1,0,-1
00040216,לשכת ראש הממשלה לשעבר -שמיר,2011,249,379,254
00040217,לשכת ראש הממשלה לשעבר  אהוד אולמרט,2011,3872,3488,5335
00040218,לשכת ראש הממשלה לשעבר  - אריאל שרון,2011,873,974,1571
00040219,אמרכלות ראשות הממשלה,2011,90758,53160,137609
00040221,הרשות לקידום מעמד האשה,2011,5122,21315,9441
00040228,פרוייקטים לעידוד       העלייה,2011,151626,85222,204888
00040231,נציב קבילות הסיענים,2011,-1,0,-1
00040232,המועצה לביטחון לאומי,2011,-1,0,-1
00040247,מחשב לכל ילד,2011,9395,7500,16979
00040248,אגף הפיקוח הכללי,2011,-1,0,-1
00040252,המועצה להנצחה,2011,80,0,104
00040253,תמיכות בארגוני הנצחה,2011,8279,9906,30362
00040269,תוכנית פיתוח ישובי     המגזר הערבי,2011,2787,6873,31329
00040270,הרשות לפיתוח כלכלי של  המגזר הערבי,2011,7669,16226,23788
00040271,לשכת השר אבישי ברוורמן,2011,1691,17819,6088
00040272,לשכת השר יעקב מרג'י,2011,82,0,83
00040273,לשכת השר בני בגין,2011,406,2124,721
00040274,לשכת סגן השר איוב קרא,2011,1306,2167,2225
00040275,לשכת השר יוסי פלד,2011,3307,2374,4163
00040276,לשכת השרה גילה גמליאל  גמליאל,2011,2107,2210,2904
00040277,משרד ההסברה והתפוצות,2011,19193,46661,50134
00040278,לשכת השר משולם נהרי,2011,3104,2213,9316
00040279,לשכת השר מיכאל איתן,2011,3741,2213,4899
00040280,לשכת השר לענייני       גימלאים,2011,2792,2287,3724
00040281,המשרד לענייני גמלאים,2011,55555,68852,138969
00040282,המשרד לעניינים         אסטרטגיים,2011,11290,10842,22239
00040283,המשרד לענייני מודיעין,2011,6227,10270,7947
00040284,יחידת שירות הלקוחות    הממשלתית,2011,4,0,2746
00040285,הוועדה לבדיקת תחליפי נפט בתחבורה,2011,78,,1000
00040302,לשכה מרכזית לסטטיסטיקה,2011,105186,108999,124489
00040303,אמרכלות,2011,24618,34390,44728
00040304,מפקד אוכלוסין,2011,42625,38781,65253
00040305,סקר ארוך טווח,2011,779,4304,3375
00040310,רזרבה להתייקרויות,2011,-1,0,-1
00040311,סקר משקי בית,2011,-1,0,-1
00040313,סקר חברתי,2011,-1,0,-1
00040315,רזרבה למפקד שוטף,2011,,10656,0
00040401,רזרבה למשרד ראש הממשלה,2011,,36988,0
00040510,הנהלת הלשכה,2011,4277,7188,10214
00040519,אמרכלות,2011,370,0,
00040601,שכר מנהלת תנופה,2011,16526,15137,15137
00040603,אמרכלות מנהלת תנופה,2011,17217,21979,31900
00040604,פעולות מנהלת תנופה,2011,6369,6025,8321
00040608,הסכמים לקבוצות על פי   סעיף 85 לחוק יישום     תכנית ההתנתקות,2011,96254,40000,105938
00040610,סיוע לפרטים - מגורים   ומענקים,2011,111352,34008,122971
00040611,סיוע לפרטים - תעסוקה,2011,10372,25000,10500
00040612,סיוע לעסקים,2011,127350,48951,138902
00040614,מימון פעולות משרדי     הממשלה,2011,40090,49800,101191
00040701,"רזרבה להתיקרויות       ולעמידה ביעד ההוצאה    למשרד רוה""מ ראשי",2011,-1,0,-1
00040801,מועצות דתיות,2011,245059,200569,294155
00040802,שירותי דת,2011,73408,74475,78486
00040803,בתי כנסת,2011,,75,0
00040804,רזרבות,2011,,7799,0
00040806,פתוח בתי עלמין,2011,10708,39944,51389
00040809,פיתוח מבני דת,2011,36694,29487,120084
00040810,שכר ואמרכלות,2011,22511,20977,30050
00040899,חשבון מעבר,2011,-2477,0,
00040901,שכר,2011,10373,10397,10582
00040902,שירותי כוח אדם וייעוץ,2011,549,499,802
00040903,אמרכלות,2011,6628,6067,8223
00040904,מיכון,2011,283,140,346
00040905,הסברה אירועים,2011,521,590,891
00040906,פעולות למען הכשרות,2011,237,265,405
00040907,פעולות הרבנות הראשית,2011,311,1600,4031
00040908,רזרבות להתייקרויות,2011,,369,0
00041501,שכר עובדי נתיב,2011,30199,28853,29963
00041502,אמרכלות ופעולות,2011,30190,34750,58738
00041503,פרוייקט הקלדה,2011,1129,0,2472
00041505,פרוייקט מיחשוב,2011,3628,3350,10039
00041506,פעולות תרבות וחינוך,2011,-1,0,-1
00041507,שירותי דת,2011,10,0,9
00041601,תקציב שכר,2011,38967,34320,39300
00041602,אמרכלות,2011,9243,10766,13278
00041603,הדרכה והכשרת עובדים,2011,-534,0,5180
00041604,יחידת המיכון,2011,3320,3295,7590
00041605,פרויקט עתידים למגזר    הציבורי,2011,430,2448,618
00041606,רזרבה להתייקרויות      ולעמידה ביעד ההוצאה,2011,,1217,0
00041607,"רזרבה לתכנית - ""צוערים לשירות המדינה""",2011,,12697,3100
00042101,שכר,2011,7077,9434,9580
00042102,אמרכלות,2011,5417,7756,10783
00042103,קידום הנגב והגליל,2011,98051,151810,238752
00042201,תוכנית לחיזוק הצפון,2011,,29340,3245
00042301,שכר,2011,5375,12282,6476
00042302,שרותים מרכזיים,2011,9030,35457,26442
00042303,רזרבה,2011,,2261,0
00042304,קידום שיתוף פעולה      אזורי,2011,-1,0,-1
00049999,חשבון מעבר,2011,0,0,
00190101,שירותים מרכזיים,2011,38962,36472,39504
00190102,אמרכלות,2011,16632,18051,24381
00190103,מחשוב,2011,847,717,1110
00190401,קידום קשרים בינלאומיים,2011,79398,38947,81824
00190402,"מחקרים, פרוייקטים      ותמיכות במדע",2011,50836,19995,88615
00190403,תשתיות מדעיות,2011,33557,38399,56261
00190404,המועצה הלאומית למחקר   ופיתוח אזרחי,2011,3414,6075,8205
00190701,רזרבה,2011,,22945,0
00192109,רשות העתיקות,2011,81563,57113,81563
00193103,"מינהל תרבות            אומנות ומחקר, יוצרים   ואומנים",2011,639035,607128,745068
00193703,הרשות לנהיגה ספורטיבית,2011,1236,3510,5336
00193704,פעולות ותמיכות בספורט,2011,116528,105579,176778
00199999,חשבון מעבר,2011,-150,0,
0004011101,שיא כח אדם,2011,19525,19114,20514
0004011102,שעות נוספות,2011,3590,4332,3560
0004011103,עבודה בלתי צמיתה,2011,20714,19531,22150
0004011104,פעולות הנהלה מיוחדות,2011,54,0,314
0004011105,השתתפות בפרוייקט מרכבה,2011,-1,0,-1
0004011106,מיכון,2011,15196,13707,32555
0004011107,עלויות פרישה,2011,1597,10,1864
0004011108,השתתפות בבוחן ותהילה,2011,372,2260,2260
0004011109,השתתפות במשרד האוצר -,2011,1,128,1
0004011113,קתדרה ללימודי יהדות,2011,-1,0,-1
0004011117,העצמת תשתיות מורשת -,2011,-1,0,-1
0004011119,השתתפות בפרוייקט ממשל,2011,-1,0,-1
0004011120,פרוייקטים  ופעולות,2011,911,7906,10478
0004011121,השתתפות במשרד לאיכות,2011,3250,0,3250
0004011123,השתתפות במשרד הביטחון,2011,-1,0,-1
0004011124,השתתפות בדיור הממשלתי,2011,470,2000,3850
0004011125,פרויקט אלמוג,2011,-1,0,-1
0004011127,השתתפות במשרד הביטחון,2011,-1,0,-1
0004011128,חגיגות 60 שנה למדינה,2011,129,0,129
0004011129,"השתתפות במשרד המדע,",2011,,1200,1200
0004011130,העסקת סטודנטים,2011,713,486,672
0004011131,שכר עידוד,2011,11,102,10
0004011132,רזרבה לעמידה ביעד,2011,-1,0,-1
0004011133,השתתפות בביתן יהודי,2011,1700,1700,1700
0004011137,השתתפות במשרד הביטחון,2011,-1,0,-1
0004011138,השתתפות במשרד החינוך,2011,-1,0,-1
0004011139,השתתפות במשרד התיירות-,2011,-1,0,-1
0004011140,השתתפות במשרד התחבורה-,2011,-1,0,-1
0004011142,"""שירותי כבאות אווירית""",2011,1601,0,1602
0004011145,השתתפות במשרד לביטחון,2011,-1,0,-1
0004011147,תכנון מדיניות עבודת,2011,113,3000,4821
0004011148,השתתפות במשרד הפנים -,2011,-1,0,-1
0004011149,השתתפות ברשות,2011,-1,0,-1
0004011150,השתתפות ברשות הטבע,2011,-1,0,-1
0004011152,השתתפות בסעיף 54 -,2011,-1,0,-1
0004011153,השתתפות במשרד התיירות,2011,,1500,0
0004011154,השתתפות במשרד הבינוי,2011,,4000,4000
0004011155,מכירת שירותים למשרדי,2011,,-2000,-2000
0004011156,רכישת שירותים ממשרדי,2011,,2000,2000
0004011157,רזרבה להשתתפות בסעיף,2011,,1000,0
0004011158,השתתפות במשרד הביטחון,2011,-1,0,-1
0004011159,חינוך בלתי פורמלי,2011,,0,10000
0004011160,"פרוייקט תמ""ר-מע' ממוחשבת לניהול תכניות עבודה",2011,,,750
0004011202,תכנית רב שנתית לעידוד,2011,39139,22697,52058
0004011204,תוכנית רב שנתית לפיתוח,2011,84630,34300,102527
0004011205,תחזוקת מנהרות הכותל,2011,18399,6196,22928
0004011206,פיתוח תכניות תיירות,2011,-1,0,-1
0004011207,רזרבה לתחזוקת הכותל,2011,,7500,0
0004011208,פיתוח מנהרות הכותל,2011,11859,0,20220
0004011209,רזרבה לעמידה ביעד,2011,,2879,0
0004011210,השתתפות משרד הביטחון -,2011,-1902,0,
0004011212,השתתפות משרד השיכון -,2011,-1,0,-1
0004011213,השתתפות משרד התיירות -,2011,-1,0,-1
0004011214,השתתפות משרד הפנים -,2011,-1,0,-1
0004011215,השתתפות משרד התחבורה -,2011,-1,0,-1
0004011216,השתתפות משרד לביטחון,2011,-1,0,-1
0004011217,השתתפות מנהל מקרקעי,2011,-4000,0,-4000
0004011219,תכנית רב שנתית לעידוד,2011,-1,0,-1
0004011221,יעודה לטיפול בתקיפה,2011,,0,241
0004011222,פיתוח שער המוגרבים-רשות העתיקות,2011,,,1582
0004011223,פיתוח שער המוגרבים,2011,656,0,2668
0004011225,"השתתפות במשרד התעשייה,",2011,-1,0,-1
0004011226,השתתפות במשרד הרווחה -,2011,-1,0,-1
0004011227,רזרבה לפרויקטים,2011,-1,0,-1
0004011230,השתתפות בלשכת הפרסום,2011,-1,0,-1
0004011245,תוכנית רב שנתית לפיתוח,2011,-1,0,-1
0004011246,השתתפות במשרד הפנים,2011,-1,0,-1
0004011247,השתתפות במשרד החקלאות,2011,-1,0,-1
0004011249,השתתפות משרד החינוך,2011,-1,0,-1
0004011250,הקמת גרעיני משימה עירוניים,2011,,,4600
0004011260,רזרבה להתשתתפויות,2011,1579,,75167
0004011307,תפעול,2011,-1,0,-1
0004011311,מיחשוב,2011,-1,0,-1
0004011401,מנהלת שירות אזרחי,2011,34468,26274,47172
0004011402,שיא כח אדם,2011,345,740,345
0004011403,עבודה בלתי צמיתה,2011,1827,1207,1827
0004011404,שעות נוספות,2011,69,138,69
0004011405,החזר הוצאות רכב,2011,235,310,235
0004011406,שכר עידוד,2011,0,41,41
0004011407,כוננויות,2011,8,14,8
0004011408,יישום חוק טל,2011,40867,26501,41323
0004011409,רזרבה להרחבת מערך,2011,,9795,0
0004011410,השתתפות המשרד לביטחון,2011,-593,-700,-700
0004011420,מערך פיקוח ובקרה,2011,1114,1500,2962
0004011421,שעות העסקה,2011,,79,79
0004011422,שיפוץ משרד המנהלה,2011,,,800
0004011501,עבודה בלתי צמיתה חודשי,2011,-1,0,-1
0004011502,שעות נוספות,2011,-1,0,-1
0004011503,החזר הוצאות רכב,2011,-1,0,-1
0004011601,עבודה בלתי צמיתה,2011,1151,1005,1139
0004011602,שעות נוספות,2011,38,64,39
0004011603,החזר הוצאות רכב,2011,122,196,123
0004011605,פעולות מטה ההסברה,2011,1397,5431,5607
0004011606,השתתפות בלשכה לפרסום,2011,129,0,136
0004011701,עבודה בלתי צמיתה,2011,-1,0,-1
0004011702,שעות נוספות,2011,-1,0,-1
0004011703,החזר הוצאות רכב,2011,-1,0,-1
0004011710,העצמת תשתיות מורשת,2011,1043,0,46396
0004011711,העצמת תשתיות מורשת,2011,-1,0,-1
0004011712,השתתפות המשרד להגנת,2011,-1,0,-1
0004011713,השתתפות במשרד התרבות,2011,,0,5000
0004011714,השתתפות במשרד החינוך,2011,,,1500
0004011801,שכר חברי ועדה,2011,1796,0,2205
0004011802,עבודה בלתי צמיתה,2011,1220,0,1000
0004011803,שעות נוספות,2011,57,0,0
0004011804,החזר הוצאות רכב,2011,72,0,0
0004011805,שעות סטודנט,2011,38,0,16
0004011806,שעות אבטחה,2011,-1,0,-1
0004011807,פעילות והוצאות הוועדה,2011,1873,0,3401
0004011904,כוננויות,2011,1530,2333,1519
0004011906,"קניית שרותי כ""א",2011,3,0,17
0004011909,"נסיעות לחו""ל",2011,428,133,593
0004011910,תפעול ואחזקה,2011,14515,10455,23537
0004011912,הכנסות ממכירת מכרזים,2011,-1,0,-1
0004011916,מתמחים,2011,163,185,179
0004011930,אחזקה,2011,,0,146
0004011932,דמי שמוש בנכסי מדינה,2011,4626,6507,6127
0004011933,מיסי ארנונה,2011,2088,1989,2157
0004011934,שכר דירה,2011,1130,1476,1476
0004011935,שיא כח אדם,2011,-1,0,-1
0004011936,עבודה ארעית,2011,-1,0,-1
0004011937,החזר הוצאות רכב,2011,-1,0,-1
0004011938,שעות נוספות,2011,-1,0,-1
0004011941,רכישת רכבים,2011,-1,0,-1
0004011942,שכר דירה,2011,-1,0,-1
0004011943,"תפעול, אחזקה, דואר",2011,-1,0,-1
0004011944,דלק לרכב ממשלתי,2011,-1,0,-1
0004011945,אחזקת רכב ממשלתי,2011,-1,0,-1
0004011946,הדרכת עובדים,2011,-1,0,-1
0004011947,שירותי ייעוץ,2011,-1,0,-1
0004011948,מיכון,2011,-1,0,-1
0004011949,פעולות אבטחה ושמירה,2011,-1,0,-1
0004011950,הדרכה והשתלמות,2011,1375,2100,3512
0004011951,דואר טלפונים ומשלוחים,2011,-1,0,-1
0004011952,פעולות רווחה,2011,1505,1721,2792
0004011953,הוצאות שמירה וביטחון,2011,-1,0,-1
0004011954,השתתפות נציבות שירות,2011,-50,-250,-250
0004011957,הכנסות ממכונים,2011,-1,0,-1
0004011958,הכנסות ממכונים,2011,-1,0,-1
0004011959,פסקי דין,2011,-1,0,-1
0004011961,החזר הוצאות רכב,2011,10739,14071,11233
0004011962,העסקת סטודנטים - קשבים,2011,1862,540,1863
0004011963,דלק לרכב ממשלתי,2011,1556,1245,2064
0004011964,אחזקת רכב ממשלתי,2011,7092,5025,8235
0004011968,השתתפות רשות החברות,2011,-1,0,-1
0004011969,שעות נוספות-קשבים,2011,661,307,673
0004011970,השתתפות במשרד ראש,2011,-1,0,-1
0004011972,אבטחת הרבנות הראשית,2011,397,334,726
0004011977,פרוייקט חירום השתתפות,2011,,0,113
0004011978,"שכר דירה - מל""ל",2011,-1,0,-1
0004011995,הכנסות ממכונים,2011,-1,0,-1
0004012001,"שכר דייני גיור, בלניות",2011,-1,0,-1
0004012002,שיא כח אדם,2011,546,1091,541
0004012003,תפעול,2011,1232,534,2944
0004012004,עבודה בלתי צמיתה,2011,1760,1768,2793
0004012005,שעות נוספות,2011,198,189,286
0004012006,החזר הוצאות רכב,2011,388,1382,393
0004012007,אחזקה,2011,95,0,172
0004012008,שכר דירה,2011,677,340,677
0004012009,שעות העסקה - דייני,2011,5028,4952,3883
0004012010,דלק לרכב ממשלתי,2011,77,59,92
0004012011,אחזקת רכב ממשלתי,2011,54,105,325
0004012012,מיכון,2011,137,204,238
0004012013,השתתפות בהוצאות בתי,2011,223,0,223
0004012014,פעולות מערך הגיור,2011,18712,30262,60405
0004012016,רווחה,2011,-1,0,-1
0004012018,עלויות פרישה,2011,63,53,61
0004012020,רזרבה - מערך הגיור,2011,-1,0,-1
0004012021,השתתפות בנתיב,2011,-1,0,-1
0004012022,העסקת סטודנטים,2011,-1,0,-1
0004012023,השתתפות בלשכת הפרסום,2011,837,0,1090
0004012024,"ייעוץ, פרוייקטים",2011,383,0,2148
0004012025,פעולות הכנה לגיור,2011,1538,0,5412
0004012101,פעילות הועדה הבינמשרדית להערכות לרעידות אדמה,2011,918,,14194
0004012102,שיא כוח אדם,2011,,,75
0004012103,עבודה בלתי צמיתה,2011,388,,388
0004012104,החזר הוצאות רכב,2011,27,,27
0004012105,שעות נוספות,2011,2,,25
0004012210,הוצאות ופעילות המטה,2011,,,1200
0004013101,שיא כח אדם,2011,-1,0,-1
0004013102,שעות נוספות,2011,-1,0,-1
0004013105,פעולות ארכיון המדינה,2011,83,0,1368
0004013106,הכנסות מגורמי חוץ,2011,-1,0,-1
0004013110,פעולות גניזה,2011,-1,0,-1
0004013112,ייעוץ לשכר עידוד,2011,12,0,38
0004013113,עבודה בלתי צמיתה,2011,-1,0,-1
0004013114,פרוייקטים,2011,865,0,2464
0004013115,שכר עידוד,2011,-1,0,-1
0004013117,השתתפות במשרד האוצר -,2011,-1,0,-1
0004013120,ייעוץ סטאטורי - העברת,2011,-1,0,-1
0004013121,פרוייקט העברת גנזך,2011,1994,0,5089
0004013203,הפקת חוברות,2011,-1,0,-1
0004013901,שיא כוח אדם,2011,3957,5351,4010
0004013902,עבודה בלתי צמיתה,2011,2939,1041,2967
0004013903,שעות נוספות,2011,352,305,348
0004013904,שכר עידוד,2011,768,531,781
0004013911,רכב ממשלתי,2011,-1,0,-1
0004013912,דלק לרכב ממשלתי,2011,-1,0,-1
0004013914,פעולות ארכיות המדינה,2011,762,1968,2649
0004013915,הכנסות מגורמי חוץ,2011,0,0,-1240
0004013918,"נסיעות לחו""ל",2011,25,23,35
0004013921,העסקת סטודנטים,2011,154,145,151
0004013932,אחזקה ותפעול,2011,488,505,799
0004013933,תפעול,2011,-1,0,-1
0004013936,שירותי מחשוב,2011,3060,2899,6336
0004013943,הכנסות מגורמי חוץ,2011,-45,0,-109
0004013945,אחזקת מחסנים,2011,2536,2620,3061
0004013946,רזרבה לשכר דירה,2011,-1,0,-1
0004013947,שכר דירה,2011,7269,6460,7308
0004013949,השתתפות משרד החוץ,2011,-180,-300,-300
0004013950,מיסי ארנונה,2011,1891,1865,1892
0004013953,בית העצמאות,2011,200,,2000
0004016104,הוצאות מנהליות,2011,0,2402,2449
0004016108,השתתפות משרדי הממשלה,2011,,-2402,-2402
0004016276,סמינר בנות חיל,2011,-1,0,-1
0004016279,עזבונות - תאום ובקרה,2011,-1,0,-1
0004016291,קדמת - חינוך יהודי,2011,-1,0,-1
0004016296,כנס רב עדתי למטרות,2011,-1,0,-1
0004016297,השתתפות בפרויקטים,2011,-1,0,-1
0004016435,בית הספר התיכון שליד,2011,-1,0,-1
0004016442,"משרד רוה""מ - קו פתוח",2011,-1,0,-1
0004017101,מרכז בגין,2011,6841,5170,8491
0004017201,מרכז רבין,2011,7604,4691,8143
0004017301,שיא כח אדם,2011,1562,1097,1567
0004017302,שעות נוספות,2011,201,93,199
0004017303,כוננויות,2011,22,17,22
0004017304,החזר הוצאות רכב,2011,305,277,315
0004017305,שכר עידוד,2011,148,154,155
0004017306,תפעול,2011,607,831,1073
0004017308,אחזקה,2011,-1,0,-1
0004017309,שכר- דירה וארנונה,2011,736,715,736
0004017310,אחזקת רכב ממשלתי,2011,89,72,130
0004017311,דלק לרכב ממשלתי,2011,33,40,49
0004017312,טקסים ואירועים,2011,-1,0,-1
0004017313,מטח יום העצמאות,2011,4882,3504,5087
0004017315,פעולות מרכז ההסברה,2011,5137,6278,7647
0004017316,הכנסות מגורמי חוץ,2011,-146,0,-250
0004017319,הכנסות מגורמי חוץ,2011,-260,0,-300
0004017320,השתתפות משרד הקליטה,2011,-1,0,-1
0004017321,השתתפות משרד החינוך,2011,-858,-900,-900
0004017322,השתתפות משרד הביטחון,2011,-30,-230,-230
0004017323,השתתפות במשרד החינוך,2011,,250,0
0004017324,השתתפות בלשכת הפירסום,2011,137,350,453
0004017325,השתתפות בלשכת הפרסום,2011,-1,0,-1
0004017326,השתתפות משרד התיירות,2011,,-88,-88
0004017327,השתתפות משרד המשפטים,2011,-114,-50,-50
0004017501,היכל הגבורה ים-עכו,2011,-1,0,-1
0004017601,חלקת גדולי האומה,2011,57,0,3057
0004017602,אחזקת הר הרצל,2011,-1,0,-1
0004017802,הרשות למלחמה בסמים,2011,-1,0,-1
0004019006,תשלום עבור שהיית תושבי,2011,-1,0,-1
0004019801,סיוע נפגעות תקיפה מינית,2011,-1,0,-1
0004019802,השתת' אפוטרופוס,2011,-1,0,-1
0004019803,מכון הנגב,2011,,0,38
0004019804,קול האשה,2011,50,0,50
0004019805,החצר הנשית יפו,2011,,0,38
0004019806,המלחמה באלימות נגד,2011,-1,0,-1
0004019807,עירית מעלות - תרשיחא,2011,-1,0,-1
0004021111,תגמול למסייעים בעליה,2011,,0,775
0004021201,שיא כח אדם,2011,3974,3410,4010
0004021202,שעות נוספות,2011,113,156,106
0004021204,ועדות ממשלתיות,2011,127,269,135
0004021205,שרותי מזכירות לשרים,2011,194,203,303
0004021206,כוננויות,2011,143,157,141
0004021209,עבודה בלתי צמיתה,2011,211,152,242
0004021211,קלידת חומר היסטורי,2011,10,185,324
0004021212,השתתפות משרדים בקלידה,2011,-111,-191,-191
0004021213,עלויות פרישה,2011,492,105,493
0004021214,פרויקט מיכון,2011,,0,4
0004021405,"תכנון, פתוח מחקרים,",2011,1016,3000,10484
0004021410,עבודה בלתי צמיתה,2011,9126,4207,9207
0004021511,עוזר פרלמנטרי,2011,-1,0,-1
0004021601,"שיא כ""א",2011,220,225,225
0004021602,שעות נוספות,2011,-1,0,-1
0004021603,פעולות והוצאות ארגוניות,2011,-1,0,-1
0004021604,החזר הוצאות רכב,2011,29,68,29
0004021605,השתתפות בשכירת דיור,2011,-1,0,-1
0004021606,אחזקת רכב ממשלתי,2011,,63,0
0004021607,דלק לרכב ממשלתי,2011,,23,0
0004021608,אבטחה,2011,-1,0,-1
0004021701,עבודה בלתי צמיתה,2011,655,311,670
0004021702,שעות נוספות,2011,,32,0
0004021703,החזר הוצאות רכב,2011,89,117,90
0004021704,החזר הוצאות,2011,556,563,797
0004021705,אחזקת רכב ממשלתי ודלק,2011,607,510,631
0004021706,הוצאות אבטחה בארץ,2011,1966,1955,3147
0004021801,"שיא כ""א",2011,225,156,226
0004021802,שעות נוספות,2011,-1,0,-1
0004021803,החזר הוצאות רכב,2011,27,47,29
0004021804,אחזקת רכב ממשלתי,2011,-1,0,-1
0004021805,דלק לרכב ממשלתי,2011,-1,0,-1
0004021806,הוצאות ארגוניות,2011,41,236,274
0004021807,אבטחה,2011,579,535,1042
0004021903,השתתפות במשטרה,2011,236,188,419
0004021905,הדרכה - מאבטחים,2011,293,427,514
0004021909,"נסיעות לחו""ל",2011,33691,14532,59328
0004021911,השתתפות גורמי חוץ,2011,-435,0,-800
0004021913,אבטחת בית ראש הממשלה,2011,-1,0,-1
0004021915,מיגון ואבטחת חוות,2011,-1,0,-1
0004021918,קניית שרותי שמירה,2011,-1,0,-1
0004021919,בית ראש הממשלה-,2011,2652,2200,4151
0004021920,שעות נוספות - העסקת,2011,11087,5725,11025
0004021921,שירותים רפואיים,2011,892,490,1135
0004021922,מאבטחים - שעות אבטחה,2011,18334,14078,18578
0004021923,הוצאות אבטחה - מחסומים,2011,11981,5475,15010
0004021953,הוצאות שמירה ובטחון,2011,7850,5799,11485
0004021954,אבטחת מידע במחשוב,2011,-1,0,-1
0004021955,ביטחון פרוייקטים,2011,-1,0,-1
0004021956,מערכת כניסה ובקרה,2011,-1,0,-1
0004021957,מיגון - שרים,2011,24329,24325,38160
0004021964,אחזקת רכב ממשלתי,2011,124,,353
0004021968,רכישת כלי רכב,2011,,0,603
0004021969,עלויות פרישה מאבטחים,2011,123,53,115
0004021970,השתתפות באבטחת שרים,2011,-23748,-24325,-27275
0004021971,ארוח אישים,2011,3349,5393,6008
0004021973,השתתפות משרד הבטחון,2011,,-1200,-1200
0004022101,פעולות הרשות לקידום,2011,717,2671,3441
0004022103,עבודה בלתי צמיתה,2011,1381,648,1388
0004022104,החזר הוצאות רכב,2011,265,317,270
0004022105,שעות נוספות,2011,54,76,49
0004022106,שיא כח אדם,2011,433,477,448
0004022114,אחזקת רכב,2011,32,45,45
0004022115,דלק לרכב ממשלתי,2011,40,21,59
0004022117,השתתפות משרד ראש,2011,-1,0,-1
0004022118,פעולות לקידום מעמד,2011,585,0,1081
0004022119,השתתפות בלשכת הפרסום,2011,1616,666,2160
0004022120,השתתפות במשרד הרווחה,2011,-1,0,-1
0004022121,טיפול בסחר בנשים,2011,,15894,0
0004022122,השתתפות במשרד הבריאות,2011,-1,0,-1
0004022123,השתתפות במשרד החינוך,2011,-1,0,-1
0004022124,"פעולות במגזר הבדואי,",2011,-1,0,-1
0004022125,מלגות לסטודנטיות,2011,,500,500
0004022803,חינוך יהודי בתפוצות,2011,74123,39435,116888
0004022805,רזרבה להתייקרויות,2011,,960,0
0004022808,"פרוייקט ""זכות מלידה""",2011,77504,42623,88000
0004022809,רזרבה להתייקרויות,2011,,2204,0
0004023101,שיא כח אדם,2011,-1,0,-1
0004023102,עבודה בלתי צמיתה,2011,-1,0,-1
0004023103,החזר הוצאות רכב,2011,-1,0,-1
0004023104,תפעול המנהלת,2011,-1,0,-1
0004023106,רכב ממשלתי,2011,-1,0,-1
0004023108,דלק לרכב ממשלתי,2011,-1,0,-1
0004023109,שעות נוספות,2011,-1,0,-1
0004023205,תקשורת וטלפונים,2011,-1,0,-1
0004023206,תפעול,2011,-1,0,-1
0004023213,יעוץ חיצוני,2011,-1,0,-1
0004023214,אחזקה,2011,-1,0,-1
0004023232,תקשורת ומחשוב,2011,-1,0,-1
0004023233,הדרכה והשתלמות,2011,-1,0,-1
0004023239,פרויקטים וכנסים,2011,-1,0,-1
0004023242,מחקר ופיתוח בנושא,2011,-1,0,-1
0004024701,השתתפות בפרוייקט מחשב,2011,9395,7500,16979
0004024702,השתתפות משרד הביטחון,2011,-1,0,-1
0004024801,שיא כח אדם,2011,-1,0,-1
0004024802,עבודה בלתי צמיתה,2011,-1,0,-1
0004024803,שעות נוספות,2011,-1,0,-1
0004024804,כוננויות,2011,-1,0,-1
0004025201,שיא כח אדם,2011,-1,0,-1
0004025203,החזר הוצאות רכב,2011,-1,0,-1
0004025204,פעילות המועצה,2011,80,0,104
0004025206,השתתפות במשרד התרבות,2011,-1,0,-1
0004025301,תמיכות בארגוני הנצחה,2011,923,2100,2250
0004025303,הנצחת זכרו של רחבעם,2011,490,700,3868
0004025304,הקמת אתר הנצחה בלטרון,2011,1156,0,7645
0004025305,השתתפות משרד הביטחון,2011,-1,0,-1
0004025306,השתתפות משרד הפנים,2011,-1,0,-1
0004025307,השתתפות משרד החינוך,2011,-1,0,-1
0004025308,השתתפות משרד התשתיות,2011,-1,0,-1
0004025310,מרכזי הנצחה,2011,1490,1300,3271
0004025311,השתתפות משרד הקליטה,2011,-1,0,-1
0004025312,העסקת סטודנטים,2011,-1,0,-1
0004025313,השתתפות בלשכת הפרסום,2011,37,0,37
0004025314,השתתפות משרד השיכון,2011,-1,0,-1
0004025315,מועצת הרצל- תמיכה,2011,98,350,507
0004025316,השתתפות במשרד התיירות,2011,-1,0,-1
0004025317,מועצת ז'בוטינסקי -,2011,36,350,402
0004025318,המועצה להנצחת גוש קטיף,2011,3196,3500,5772
0004025319,פעילות המועצה הציבורית,2011,207,1148,5792
0004025320,חלקת גדולי האומה,2011,235,146,246
0004025321,אחזקת הר הרצל,2011,411,312,572
0004026901,תכנית רב שנתית לפיתוח,2011,99,6873,14023
0004026902,רזרבה לעמידה ביעד,2011,-1,0,-1
0004026903,השתתפות במשרד התחבורה,2011,-1,0,-1
0004026904,השתתפות במשרד הפנים,2011,-1,0,-1
0004026905,השתתפות במשרד  החינוך,2011,-1,0,-1
0004026906,השתתפות במשרד התיירות,2011,-1,0,-1
0004026907,השתתפות במשרד הבינוי,2011,-1,0,-1
0004026908,השתתפות במשרד החקלאות,2011,-1,0,-1
0004026909,השתתפות במשרד החקלאות,2011,-1,0,-1
0004026910,השתתפות ברשות לקידום,2011,,0,2010
0004026911,"השתתפות במשרד התעסוקה,",2011,-1,0,-1
0004026912,השתתפות במנהל מקרקעי,2011,,0,996
0004026913,השתתפות במשרד הביטחון,2011,-1,0,-1
0004026915,השתתפות במשרד הבריאות,2011,-1,0,-1
0004026916,השתתפות במשרד הרווחה,2011,-1,0,-1
0004026923,השתתפויות,2011,-1,0,-1
0004026924,השתתפות במשרד לפיתוח,2011,-1,0,-1
0004026925,השתתפות במינהל לתשתיות,2011,-1,0,-1
0004026926,השתתפות במשרד לבטפ -,2011,-1,0,-1
0004026930,תוכנית להסדרת ההתיישבות הבדואית בנגב,2011,1188,,3300
0004026931,תוכנית פיתוח ישובים דרוזים וצ'רקסים,2011,1000,,8000
0004026932,תוכנית פיתוח ישובים בדואים בצפון,2011,500,,3000
0004027001,עבודה בלתי צמיתה,2011,2411,1313,2414
0004027002,שעות נוספות,2011,62,59,69
0004027003,החזר הוצאות רכב,2011,451,270,466
0004027004,אחזקת רכב ממשלתי,2011,0,45,162
0004027005,דלק לרכב ממשלתי,2011,36,46,48
0004027006,פעילות המנהלת,2011,2308,14493,7629
0004027007,קרן השקעות פרטית למגזר,2011,2400,0,8000
0004027009,"השתתפות במשרד התעשייה,",2011,-1,0,-1
0004027011,השתתפות במשרד הפנים,2011,-1,0,-1
0004027012,השתתפות במשרד הרווחה,2011,-1,0,-1
0004027013,רזרבה לעמידה ביעד,2011,-1,0,-1
0004027014,השתתפות במשרד לפיתוח,2011,-1,0,-1
0004027015,תוכנית חומש לפיתוח,2011,,0,5000
0004027101,עבודה בלתי צמיתה,2011,351,991,352
0004027102,שעות נוספות,2011,11,86,12
0004027103,החזר הוצאות רכב,2011,16,117,17
0004027104,אחזקת רכב ממשלתי,2011,1,34,5
0004027105,דלק לרכב ממשלתי,2011,16,86,75
0004027106,שכר דירה וארנונה,2011,310,350,318
0004027107,"נסיעות לחו""ל",2011,227,52,298
0004027108,הוצאות ופעילות הלשכה,2011,759,15705,5011
0004027109,רזרבה קניות,2011,,398,0
0004027110,השתתפות במשרד החינוך,2011,-1,0,-1
0004027111,השתתפות במשרד לפיתוח,2011,-1,0,-1
0004027120,השתתפות במשרד הבטחון,2011,-1,0,-1
0004027201,עבודה בלתי צמיתה,2011,-1,0,-1
0004027202,שעות נוספות,2011,-1,0,-1
0004027203,החזר הוצאות רכב,2011,-1,0,-1
0004027204,תפעול,2011,46,0,46
0004027207,"נסיעות לחו""ל",2011,14,0,14
0004027210,אחזקת רכב ממשלתי,2011,-1,0,-1
0004027211,דלק לרכב ממשלתי,2011,22,0,23
0004027212,שכר דירה וארנונה,2011,-1,0,-1
0004027213,רזרבה קניות,2011,-1,0,-1
0004027214,רזרבה שכר,2011,-1,0,-1
0004027301,עבודה בלתי צמיתה,2011,238,991,239
0004027302,שעות נוספות,2011,,86,0
0004027303,החזר הוצאות רכב,2011,37,117,42
0004027304,רזרבה שכר,2011,,25,0
0004027305,אחזקת רכב ממשלתי,2011,81,86,93
0004027306,"נסיעות לחו""ל",2011,23,52,43
0004027307,הוצאות ופעילות הלשכה,2011,27,728,304
0004027308,רזרבה קניות,2011,,39,0
0004027401,עבדוה בלתי צמיתה,2011,774,991,851
0004027402,שעות נוספות,2011,20,86,20
0004027403,החזר הוצאות רכב,2011,40,117,37
0004027404,רזרבה שכר,2011,,25,0
0004027405,אחזקת רכב ממשלתי,2011,18,86,376
0004027406,שכר דירה וארנונה,2011,351,373,373
0004027407,"נסיעות לחו""ל",2011,19,52,58
0004027408,הוצאות ופעילות הלשכה,2011,84,398,510
0004027409,רזרבה קניות,2011,,39,0
0004027501,עבודה בלתי צמיתה,2011,2023,1107,2307
0004027502,שעות נוספות,2011,52,86,53
0004027503,החזר הוצ' רכב,2011,230,153,219
0004027504,תפעול,2011,190,503,645
0004027505,שכר דירה,2011,384,311,384
0004027506,ארנונה,2011,-1,0,-1
0004027507,"נסיעות לחו""ל",2011,224,55,316
0004027510,אחזקת רכב ממשלתי,2011,204,95,239
0004027511,דלק לרכב ממשלתי,2011,-1,0,-1
0004027514,העסקת סטודנטים,2011,-1,0,-1
0004027515,רזרבה לקניות,2011,,39,0
0004027516,רזרבה לשכר,2011,,25,0
0004027601,"עב""צ",2011,1214,991,1249
0004027602,שעות נוספות,2011,63,86,65
0004027603,החזר הוצאות רכב,2011,214,117,205
0004027604,תפעול,2011,-1,0,-1
0004027605,רזרבה שכר,2011,,25,0
0004027606,שכר דירה וארנונה,2011,9,311,10
0004027607,אחזקת רכב ממשלתי,2011,94,86,131
0004027608,"נסיעות לחו""ל",2011,48,52,110
0004027609,הוצאות ופעילות הלשכה,2011,465,503,1134
0004027611,רזרבה קניות,2011,,39,0
0004027701,עבודה בלתי צמיתה,2011,5849,4204,5779
0004027702,שעות נוספות,2011,190,388,185
0004027703,החזר הוצאות רכב,2011,779,836,804
0004027706,דלק לרכב ממשלתי,2011,162,228,269
0004027707,תפעול,2011,1453,750,3324
0004027709,מחשוב,2011,46,300,410
0004027710,שכר דירה,2011,395,726,1090
0004027711,"נסיעות לחו""ל",2011,1897,5532,3746
0004027712,אחזקת רכב ממשלתי,2011,459,300,740
0004027713,אבטחה,2011,239,400,828
0004027723,"פרוייקט ""זכות מלידה""",2011,-1,0,-1
0004027726,רזרבה להתייקרויות,2011,,845,0
0004027760,פעולות הסברה ותפוצות,2011,7724,32043,31759
0004027761,השתתפות במשרד החוץ -,2011,-1,0,-1
0004027763,רזרבה שכר,2011,,109,0
0004027764,שידורי רשות השידור,2011,-1,0,-1
0004027765,השתתפות בנתיב,2011,,,1000
0004027780,רזרבה לפרוייקט הללויה,2011,,,200
0004027801,עבודה בלתי צמיתה,2011,1547,991,1539
0004027802,שעות נוספות,2011,,86,0
0004027803,החזר הוצאות רכב,2011,152,117,155
0004027804,תפעול,2011,519,503,759
0004027805,"נסיעות לחו""ל",2011,154,55,422
0004027806,אחזקת רכב ממשלתי,2011,109,86,218
0004027808,רזרבה שכר,2011,,25,0
0004027809,שכר דירה וארנונה,2011,158,311,158
0004027810,רזרבה קניות,2011,,39,0
0004027811,חברה ומורשת ישראל,2011,,0,4140
0004027812,העלאת יהודי תימן,2011,466,0,1925
0004027901,עבודה בלתי צמיתה,2011,1377,991,1361
0004027902,שעות נוספות,2011,,86,0
0004027903,החזר הוצאות רכב,2011,113,117,117
0004027904,תפעול,2011,125,503,486
0004027905,"נסיעות לחו""ל",2011,136,55,448
0004027906,אחזקת רכב ממשלתי,2011,177,86,245
0004027907,דלק לרכב ממשלתי,2011,-1,0,-1
0004027908,העסקת יועצים,2011,-1,0,-1
0004027909,רזרבה קניות,2011,,39,0
0004027910,שכר דירה וארנונה,2011,225,311,318
0004027911,רזרבה שכר,2011,,25,0
0004027912,רפורמה בשירות לציבור,2011,1587,0,1924
0004028002,עבודה בלתי צמיתה,2011,1798,1408,2298
0004028003,שעות נוספות,2011,94,113,98
0004028004,החזר הוצאות רכב,2011,170,334,189
0004028005,תפעול,2011,88,61,330
0004028006,אחזקת רכב ממשלתי,2011,98,79,101
0004028007,דלק לרכב ממשלתי,2011,94,48,132
0004028008,אבטחת השר,2011,-1,0,-1
0004028011,"נסיעות לחו""ל",2011,449,244,576
0004028101,עבודה בלתי צמיתה,2011,4597,5298,5260
0004028102,שעות נוספות,2011,147,291,152
0004028103,החזר הוצאות רכב,2011,710,953,753
0004028104,תפעול,2011,1178,915,1890
0004028105,שכר דירה,2011,525,674,525
0004028106,ארנונה,2011,194,96,197
0004028107,רכישת רכבים,2011,-284,0,240
0004028108,"פרוייקטים, מחקרים",2011,12900,8357,41290
0004028109,רזרבה לפעילות המנהלת,2011,,7357,0
0004028110,השתתפות במשרד  הרווחה,2011,-1,0,-1
0004028111,השתתפות במשרד הבריאות,2011,,2000,0
0004028112,השתתפות במשרד השיכון,2011,-1,0,-1
0004028113,השתתפות במשרד החינוך,2011,,2450,0
0004028114,השתתפות במשרד השיכון,2011,,2000,0
0004028117,העסקת סטודנטים,2011,194,253,238
0004028119,פרויקטים - הרשאה,2011,-1,0,-1
0004028120,"שיא כ""א - האגף לחינוך",2011,19,638,0
0004028121,רזרבה לעמידה ביעד,2011,,313,0
0004028122,השתתפות בלשכת הפרסום,2011,6232,6000,16338
0004028123,השתתפות במשרד המדע,2011,,1000,0
0004028127,השתתפות בפיקוד העורף -,2011,-1,0,-1
0004028131,פעילות להשבת רכוש,2011,6781,0,20251
0004028132,תמיכה במוסדות ציבור,2011,3509,3000,5261
0004028133,תמיכה בארגוני גימלאים,2011,,0,29
0004028134,רזרבה להשתתפויות,2011,-1,0,-1
0004028137,השתתפות במשרד התיירות,2011,-1,0,-1
0004028138,השתתפות משרד הרווחה,2011,-1,0,-1
0004028139,רווחה,2011,164,0,204
0004028140,השתתפות במשרד הביטחון,2011,-1,0,-1
0004028141,מכון טרזין,2011,,0,382
0004028143,תמיכה בגופים- קורסים,2011,,470,0
0004028149,פעילויות העשרה- רשויות,2011,3947,3650,8135
0004028155,סימנרים ללימוד מבוגרים,2011,,54,0
0004028158,מסדות ציבור למבוגרים-,2011,,75,0
0004028159,הנחלת המורשת- תמיכה,2011,306,553,628
0004028160,העשרה למבוגרים,2011,28,3650,959
0004028163,פעולות ויוזמות בחינוך,2011,,182,0
0004028167,סמינרים לציבור-מורשת,2011,,140,0
0004028168,רזרבה להתייקרויות-,2011,,483,0
0004028170,תמיכות - הנצחה,2011,1401,3000,4257
0004028171,השתתפות במשרד הקליטה,2011,,1000,0
0004028172,השתתפות במשרד הפנים,2011,-1,0,-1
0004028173,"תכנית ""והדרת פני זקן""",2011,7321,9000,21655
0004028174,מוקד המידע לאזרחים,2011,5686,5000,10325
0004028201,עבודה בלתי צמיתה,2011,6363,3356,6442
0004028202,שעות נוספות,2011,160,279,182
0004028203,החזר הוצאות רכב,2011,500,497,519
0004028204,העסקת סטודנטים,2011,-1,0,-1
0004028205,שעות אבטחה,2011,-1,0,-1
0004028206,תפעול,2011,373,1545,1297
0004028208,דאר וטלפונים,2011,-1,0,-1
0004028209,שכר דירה,2011,-1,0,-1
0004028211,אחזקת רכב ממשלתי,2011,528,498,545
0004028212,דלק לרכב ממשלתי,2011,268,250,340
0004028213,מחשוב,2011,199,210,257
0004028214,אבטחה,2011,126,455,401
0004028215,"נסיעות לחו""ל",2011,623,735,1048
0004028216,"פרויקטים, יועצים ומחקר",2011,768,2730,8433
0004028217,רווחה,2011,33,55,55
0004028219,רכישת רכבים,2011,,0,20
0004028222,השתתפות במשרד הביטחון,2011,-1,0,-1
0004028224,שיפוץ ושידורי רשות,2011,-1,0,-1
0004028225,רזרבה קניות,2011,,232,0
0004028226,שידורי רשות השידור,2011,1350,0,2700
0004028301,עבודה בלתי צמיתה,2011,4541,2427,4578
0004028302,שעות נוספות,2011,18,215,18
0004028303,החזר הוצאות רכב,2011,197,389,189
0004028304,"נסיעות לחו""ל",2011,423,500,787
0004028305,הוצאות ופעילות,2011,357,5939,1183
0004028306,אחזקת רכב ממשלתי,2011,690,800,1192
0004028401,עבודה בלתי צמיתה,2011,,,74
0004028403,החזר הוצאות רכב,2011,,,18
0004028408,הוצאות ופעילות,2011,,,1540
0004028409,פרוייקט מעשה,2011,4,,994
0004028410,מערך מדידה ובקרה,2011,,,120
0004028501,עבודה בלתי צמיתה,2011,55,,110
0004028503,החזר הוצאות רכב,2011,9,,20
0004028510,תפעול,2011,14,,870
0004030201,שיא כח אדם,2011,45693,40338,46138
0004030204,עבודה בלתי צמיתה,2011,27198,23172,27198
0004030205,שעות נוספות,2011,1517,2461,1673
0004030206,החזר הוצאות רכב,2011,14892,18234,15867
0004030207,פעולות רווחה,2011,730,820,928
0004030208,שכר עידוד,2011,6866,7702,7114
0004030209,כוננות,2011,3353,4028,3841
0004030210,שרותי חוץ סטטיסטיים,2011,1280,2214,2648
0004030211,אחזקת בוחן,2011,284,290,284
0004030212,קנית שרותי כח אדם,2011,365,1039,1325
0004030215,סוקרים לפי שעות,2011,13102,12724,13211
0004030216,עלויות פרישה,2011,1747,340,2740
0004030217,העסקת סטודנטים,2011,,161,161
0004030224,עיבודים אוטומטיים,2011,3456,3327,18003
0004030225,שרותי מרשם האוכלוסין,2011,-1,0,-1
0004030226,השתתפות בפרוייקט מרכבה,2011,-1,0,-1
0004030227,רכישת נתונים מרשות,2011,160,290,160
0004030228,השתתפות במשרד הפנים-מערכת רותם,2011,80,,80
0004030229,השתתפות במשטרת ישראל,2011,,100,0
0004030230,רכישת חומרים,2011,252,162,877
0004030240,דפוס כריכות וצילומים,2011,635,790,2444
0004030271,משלוחים,2011,-1,0,-1
0004030272,אחזקת רכב ממשלתי,2011,353,756,516
0004030273,דלק לרכב ממשלתי,2011,129,324,314
0004030277,רכישת רכב,2011,-1,0,-1
0004030279,הדרכה ושכר לימוד,2011,215,276,221
0004030280,הוצאות אירגוניות שונות,2011,122,509,423
0004030296,השתתפות משרדי ממשלה,2011,-3630,-1271,-3771
0004030297,השתתפות משרדי הממשלה,2011,-9787,-9787,-9787
0004030298,השתתפות גורמי חוץ,2011,-3827,0,-8119
0004030308,"נסיעות והשתלמות בחו""ל",2011,405,443,461
0004030310,תפעול,2011,794,1481,1851
0004030311,אחזקת בוחן,2011,-1,0,-1
0004030330,אחזקה,2011,2540,5979,6200
0004030331,אחזקת ושיפוץ בינינים,2011,-1,0,-1
0004030332,ארנונה,2011,2789,3390,6199
0004030334,שכר דירה (שאר הדיור),2011,2748,2804,2804
0004030335,דמי שמוש בנכסי מדינה,2011,6341,6400,6366
0004030336,חניה,2011,2000,2407,5084
0004030337,הוצאות חשמל,2011,1810,2832,3995
0004030350,הדרכה השתלמות וספריה,2011,991,1274,1512
0004030360,דואר טלפונים ומשלוחים,2011,1566,1969,4112
0004030370,שמירה ובטחון,2011,673,1100,2103
0004030382,ציוד למערכת המיחשוב,2011,1734,3989,3698
0004030383,הסברה ויחסי ציבור,2011,226,322,343
0004030401,שיא כח אדם,2011,5603,4787,5787
0004030403,סוקרים לפי שעות,2011,1810,478,2623
0004030404,עבודה בלתי צמיתה,2011,10877,10552,11152
0004030405,שעות נוספות,2011,587,826,676
0004030406,החזר הוצאות רכב,2011,3217,4247,3347
0004030408,שכר עידוד,2011,1506,2022,1622
0004030409,כוננויות,2011,1223,1449,1299
0004030410,שכר לימוד,2011,15,41,31
0004030411,שכר עבודה למערך השדה,2011,-1,0,-1
0004030412,קניית שרותי כוח אדם,2011,1557,2012,2343
0004030413,יעוץ מקצועי,2011,61,384,459
0004030414,עבודות מיכון,2011,152,269,881
0004030415,מיפוי,2011,4,48,9
0004030416,עלויות פרישה,2011,,104,104
0004030417,השתתפות במרכז למיפוי,2011,-1,0,-1
0004030419,"השתתפות במשרד התעשייה,",2011,-1,0,-1
0004030420,השתתפות ברשות המיסים,2011,-1,0,-1
0004030424,עיבודים אוטומטיים,2011,3293,1600,9934
0004030425,ציוד למערך המיחשוב,2011,5216,3405,9543
0004030426,השתתפות בפרוייקט מרכבה,2011,-1,0,-1
0004030430,חומרים,2011,29,77,78
0004030440,"דפוס, כריכות וצילומים",2011,51,288,388
0004030460,דואר טלפונים ומשלוחים,2011,374,432,944
0004030469,"נסיעות והשתלמויות בחו""ל",2011,56,93,108
0004030470,הסברה ויחסי ציבור,2011,805,288,878
0004030471,הדרכה והשתלמות,2011,300,240,553
0004030472,אחזקת רכב ממשלתי,2011,117,211,161
0004030473,דלק לרכב ממשלתי,2011,49,115,165
0004030474,שכירת רכב,2011,-1,0,-1
0004030475,תפעול,2011,188,186,592
0004030476,אחזקה ושיפוץ בניינים,2011,665,479,2172
0004030477,שכר דירה,2011,2234,1972,2242
0004030478,חנייה,2011,489,623,1824
0004030479,ריהוט וציוד משרדי,2011,,29,0
0004030480,הוצאות אירגוניות שונות,2011,18,38,70
0004030481,ארנונה,2011,1075,575,2320
0004030482,הוצאות חשמל,2011,640,575,2379
0004030484,שמירה וביטחון,2011,271,192,375
0004030485,פעולות רווחה,2011,143,144,194
0004030496,השתתפות משרדי ממשלה,2011,-1,0,-1
0004030498,השתתפות גורמי חוץ,2011,-1,0,-1
0004030501,שיא כוח אדם,2011,588,404,624
0004030504,עבודה בלתי צמיתה,2011,641,1080,1180
0004030505,שעות נוספות,2011,21,158,130
0004030506,החזר הוצאות רכב,2011,189,522,557
0004030508,שכר עידוד,2011,61,187,271
0004030509,כוננויות,2011,30,51,74
0004030510,סוקרים לפי שעות,2011,,1226,100
0004030512,"קניית שירותי כ""א",2011,-1,0,-1
0004030513,ייעוץ מקצועי,2011,,34,0
0004030514,עבודות מיכון,2011,,34,0
0004030524,עיבודים אוטומטיים,2011,639,137,1222
0004030525,ציוד למערך המחשוב,2011,,68,180
0004030530,חומרים,2011,,34,50
0004030540,"דפוס, כריכות וצילומים",2011,,34,50
0004030560,דואר טלפונים ומשלוחים,2011,23,68,100
0004030569,"נסיעות לחו""ל",2011,,31,49
0004030571,הדרכה והשתלמויות,2011,,34,20
0004030572,הדרכה ושכר לימוד,2011,,24,6
0004030575,תפעול,2011,2,68,100
0004030578,חניה,2011,27,34,50
0004030580,הוצאות ארגוניות שונות,2011,21,34,37
0004030583,הסברה ויחסי ציבור,2011,,21,0
0004030584,שמירה ובטחון,2011,61,21,100
0004030596,השתתפות גורמי חוץ,2011,-1524,0,-1525
0004031001,רזרבה להתייקרויות בשכר,2011,-1,0,-1
0004031004,רזרבה להתייקרויות -,2011,-1,0,-1
0004031006,רזרבה  לעמידה ביעד,2011,-1,0,-1
0004031106,חומרים,2011,-1,0,-1
0004031107,דפוס כריכות וצילומים,2011,-1,0,-1
0004031115,דואר טלפונים ומשלוחים,2011,-1,0,-1
0004031116,שמירה וביטחון,2011,-1,0,-1
0004031310,שירותי חוץ סטטיסטיים,2011,-1,0,-1
0004031324,עיבודים אוטומטיים,2011,-1,0,-1
0004031330,חומרים,2011,-1,0,-1
0004031340,"דפוס, כריכות וצילומים",2011,-1,0,-1
0004031370,שמירה וביטחון,2011,-1,0,-1
0004031380,הוצאות ארגוניות שונות,2011,-1,0,-1
0004031501,סוקרים לפי שעות,2011,,5016,0
0004031502,עבודה בלתי צמיתה,2011,,554,0
0004031503,שעות נוספות,2011,,277,0
0004031504,החזר הוצאות רכב,2011,,250,0
0004031505,ייעודה לקניות - מפקד,2011,,3559,0
0004031506,שיא כוח אדם,2011,,1000,0
0004040101,רזרבה לפעולות,2011,,16773,0
0004040102,איוש ללא ביצוע,2011,,1425,0
0004040106,יעודה לכח אדם,2011,,10347,0
0004040130,רזרבה להתייקרויות שכר,2011,,5623,0
0004040133,רזרבה לעמידה ביעד,2011,,2391,0
0004040134,"רזרבת חו""ל",2011,,429,0
0004051001,שיא כח אדם,2011,2644,2988,2491
0004051002,שעות נוספות,2011,488,407,483
0004051003,עבודה בלתי צמיתה,2011,789,152,778
0004051007,מיחשוב,2011,-1,0,-1
0004051008,חומרי צילום,2011,276,838,4690
0004051010,העסקת סטודנטים,2011,67,103,63
0004051012,הכנסות מצילומים,2011,-653,0,-400
0004051013,כוננויות,2011,151,161,156
0004051014,דמי שימוש,2011,-1,0,-1
0004051015,מיסי ארנונה,2011,-1,0,-1
0004051016,רכישת שירותי צילום,2011,-1,0,-1
0004051017,עלויות פרישה,2011,,53,0
0004051018,תפעול ואחזקה,2011,829,2486,2369
0004051019,השתתפות גורמי חוץ,2011,-314,0,-416
0004051909,מסיבות עיתונאים,2011,-1,0,-1
0004051910,תפעול,2011,-1,0,-1
0004051930,אחזקה,2011,-1,0,-1
0004051933,רכב ממשלתי,2011,-1,0,-1
0004051934,דלק,2011,-1,0,-1
0004051991,השתתפות גורמי חוץ,2011,370,0,
0004060101,עבודה בלתי צמיתה,2011,14499,12369,12369
0004060102,שעות נוספות,2011,197,505,505
0004060103,החזר הוצאות רכב,2011,1482,1578,1578
0004060107,העסקת סטודנטים (שעות),2011,348,374,374
0004060110,רזרבה להתייקרויות שכר,2011,,311,311
0004060301,תפעול,2011,1010,1400,1982
0004060302,אחזקה,2011,448,600,1082
0004060303,שכר דירה,2011,900,900,900
0004060304,ארנונה,2011,348,200,350
0004060305,דואר וטלפונים,2011,265,600,611
0004060306,דלק,2011,387,900,486
0004060307,אחזקת רכב ממשלתי,2011,396,379,450
0004060308,מיכון,2011,757,1000,1812
0004060309,העסקת יועצים,2011,4481,5160,8023
0004060310,העסקת רואי חשבון עורכי,2011,865,3500,5838
0004060311,ביטחון,2011,590,850,1217
0004060312,קניית שירותי כח אדם,2011,,0,150
0004060313,רווחה,2011,113,150,321
0004060314,סיוע לישובים,2011,4406,3000,5128
0004060315,פעולות עם משרדי ממשלה,2011,2000,2900,2800
0004060316,נציגי ציבור - ועדות,2011,250,0,250
0004060320,רזרבה לעמידה ביעד,2011,,440,0
0004060321,הסברה לפינוי,2011,-1,0,-1
0004060330,רכישת רכבים,2011,,0,500
0004060401,תשלומים למפרק המסדיר,2011,116,250,250
0004060404,סיוע העתקת מבנה יביל,2011,,,138
0004060405,סיוע חברתי ואישי,2011,,0,25
0004060406,סיוע חברתי - השתתפות,2011,-1,0,-1
0004060407,סיוע חברתי - השתתפות,2011,-1,0,-1
0004060409,הסדר פיצויים בגין,2011,1864,3275,2681
0004060411,"תשלום ל""מענים"" - טיפול",2011,4389,2500,5227
0004060412,תיעוד מורשת ההתישבות,2011,-1,0,-1
0004060450,רזרבה לעמידה ביעד,2011,-1,0,-1
0004060801,הסכם כרמיה,2011,55,0,262
0004060803,הסכם מבקיעים,2011,800,,800
0004060804,הסכם אור הנר,2011,11,0,11
0004060805,הסכם ניצן,2011,952,0,953
0004060807,הסכם זיקים,2011,-1,0,-1
0004060808,הסכם יד חנה,2011,-1,0,-1
0004060809,הסכם בת הדר,2011,,0,72
0004060814,השתתפות במשרד הבינוי,2011,-1,0,-1
0004060815,יד -חנה - השתתפות,2011,-1,0,-1
0004060816,הסכם תלמי יפה,2011,-1,0,-1
0004060817,תלמי יפה - השתתפות,2011,-1,0,-1
0004060818,רזרבה להסכמי העתקה,2011,,40000,165
0004060820,הסכם מכינת עוצם,2011,26733,0,27331
0004060822,הסכם יד בנימין,2011,20119,0,20113
0004060823,הסכם ישיבת ימית,2011,2001,0,3374
0004060824,הסכם בוסתן הגליל,2011,1313,0,1371
0004060825,בוסתן הגליל - השתתפות,2011,-1,0,-1
0004060826,הסכם יסודות,2011,3575,0,3578
0004060828,הסכם מרכז צביה,2011,4540,0,5172
0004060830,השתתפות במשרד החינוך -,2011,-1,0,-1
0004060831,ישיבת ימית- השתתפות,2011,-1,0,-1
0004060832,הסכם גני טל,2011,10044,0,10616
0004060833,הסכם ניר עקיבא,2011,-6,0,1951
0004060834,"הסכם ת""ת עצמונה",2011,,0,972
0004060835,הסכם אולפנת נווה דקלים,2011,746,0,746
0004060836,הסכם מדרשת הדרים,2011,255,0,400
0004060837,הסכם פלמחים,2011,23998,0,23992
0004060838,הסכם נווה ים,2011,,0,1
0004060839,הסכם אמציה,2011,,0,1768
0004060840,הסכם מדרשת נצרים,2011,1117,0,2290
0004061011,פיצוי בגין בית המגורים,2011,47604,5000,47905
0004061012,מענקי העברה והתארגנות,2011,-46,400,328
0004061013,מענק שכר דירה,2011,4664,3000,5428
0004061015,מענק אישי,2011,701,3000,821
0004061016,תמריץ אזורי עדיפות,2011,8604,3000,12000
0004061017,מענק שיפוי מס רכישה,2011,3264,1000,4131
0004061018,בעלי נחלות - בית,2011,8053,5000,8053
0004061019,סבסוד הלוואות לדיור,2011,-1,0,-1
0004061023,סילוק תביעות בתי,2011,25477,7500,26567
0004061025,סילוק תביעות,2011,,2500,0
0004061026,מענק תכולת המגורים,2011,13031,,15000
0004061027,שיפוי שוכרים פרטיים-רכישת מגרש,2011,,,800
0004061060,רזרבה לעמידה ביעד,2011,,1670,0
0004061061,רזרבה להתיקרויות,2011,,1938,1938
0004061062,רזרבה לתמריץ לאזורי,2011,-1,0,-1
0004061110,דמי הסתגלות,2011,2382,2000,2400
0004061112,גמול פרישה,2011,7989,2000,8100
0004061113,קצבת התאמה לבעלי עסקים,2011,,8400,0
0004061114,קצבת התאמה לשכירים,2011,,12600,0
0004061211,פיצוי חקלאים - פיננסי,2011,,11692,155
0004061212,פיצוי חקלאים - נכסי,2011,36947,6959,38897
0004061213,פיצוי עסקים - פיננסי,2011,46604,6300,47300
0004061214,פיצוי עסקים - ניכסי,2011,4583,9300,4781
0004061216,פיצוי לעסק ממשיך- סעיף,2011,35928,6300,37300
0004061218,מענק השקעות הון,2011,3229,3400,10409
0004061220,סילוק תביעות עסקים-,2011,59,4200,60
0004061223,מענק 70 ב',2011,,400,0
0004061225,פיצוי לפי סעיף 80',2011,,400,0
0004061403,השתתפות במשרד המשפטים,2011,-1,0,-1
0004061404,השתתפות בחטיבה,2011,7044,0,25780
0004061406,"תשלומים לממ""י",2011,3503,0,3503
0004061408,השתתפות במשרד הרווחה -,2011,7000,0,7000
0004061411,השתתפות במשרד החינוך,2011,8640,0,8640
0004061412,השתתפות במשרד הבינוי,2011,,20000,16500
0004061414,השתתפות בשירותי דת,2011,1476,0,2905
0004061415,השתתפות במשרד הפנים,2011,12301,0,18150
0004061416,רכישת בניין באשקלון,2011,126,0,4533
0004061417,השתתפות במשרד הביטחון,2011,-1,0,-1
0004061421,השתתפות במשרד החקלאות,2011,-1,0,-1
0004061423,השתתפות במשרד הביטחון,2011,-1,0,-1
0004061426,השתתפות במשרד התעשיה,2011,,0,12000
0004061429,השתתפות במנהל לפיתוח,2011,-1,0,-1
0004061430,פיצוי לגורמי תשתית,2011,-1,0,-1
0004061450,רזרבה לפעולות משרדי,2011,,29800,2180
0004070102,רזרבה כללית להתיקרויות,2011,-1,0,-1
0004070108,"רזרבה חו""ל",2011,-1,0,-1
0004070111,רזרבה לעמידה ביעד,2011,-1,0,-1
0004080101,פיקוח ובקרה,2011,341,554,1745
0004080102,השתתפות בתקציב הרגיל,2011,181065,177774,187685
0004080103,הדרכה במועצות דתיות,2011,27,500,286
0004080104,הדרכת קייסים והקהילה,2011,84,241,390
0004080105,העסקת קייסים במועצות,2011,7030,7176,7176
0004080106,שירותי דת לקהילה,2011,52,150,53
0004080109,עירובין,2011,3246,3151,6700
0004080110,קשרים עם הגולה,2011,3103,223,3958
0004080112,תמיכה מכספי האפוטרופוס,2011,3698,0,7325
0004080113,השתתפות האפוטרופוס,2011,-1,0,-1
0004080114,קליטת עלייה ובעיות,2011,102,300,450
0004080115,מיזמים במועצות הדתיות,2011,1928,6500,9961
0004080116,קשרים דתיים ורוחניים,2011,1997,0,8500
0004080117,רואי חשבון מלווים,2011,4046,0,13999
0004080118,תכניות הבראה במועצות,2011,31170,0,36227
0004080120,רזרבה לתוכניות הבראה,2011,-1,0,-1
0004080121,השתתפות בשכר דירה,2011,-1,0,-1
0004080122,אחזקת רכב ממשלתי,2011,-1,0,-1
0004080125,רזרבה,2011,,3000,0
0004080128,אתרי מורשת,2011,,1000,0
0004080129,הלוואות למועצות דתיות,2011,11518,0,15000
0004080130,הכנסות ממועצות דתיות (החזרים),2011,-1054,,-1300
0004080131,הכנסות מאפוטרופוס,2011,-3295,,-4000
0004080201,הקצבות למשרתים בקודש,2011,65179,63308,65919
0004080202,השתתפות בהחזקת השרותים,2011,,5,4055
0004080204,שירותי ייעוץ והפריה,2011,,770,0
0004080212,תקצוב נורמטיבי 80,2011,8230,10392,8332
0004080213,השתתפות מתוכנית,2011,-1476,0,-2000
0004080214,העתקת בתי כנסת במסגרת,2011,,0,360
0004080216,הקצבות לרבנים מתוכנית,2011,1476,0,1820
0004080217,השתתפות ברבנות הראשית-,2011,-1,0,-1
0004080304,סיוע ברכישת ובדיקת,2011,,75,0
0004080402,רזרבה להתייקרויות -,2011,,6437,0
0004080403,רזרבה לעמידה ביעד,2011,,1362,0
0004080601,השתתפות בתקציב מועצת,2011,369,500,500
0004080602,מועצת בתי עלמין תל רגב,2011,1200,1200,1200
0004080603,פתוח בתי עלמין,2011,5522,6300,17872
0004080605,מיפוי בתי עלמין,2011,23,0,271
0004080606,פיתוח בית עלמין תל רגב,2011,1040,2000,4073
0004080608,"השתתפות ברשות הפס""ח -",2011,199,46,246
0004080610,מועצת בתי עלמין ברקת,2011,989,1200,1200
0004080611,קבורה חילונית,2011,581,300,1071
0004080612,תפעול ופיתוח קברי אבות,2011,617,500,1400
0004080613,פיתוח מועצת בתי עלמין,2011,,500,500
0004080614,פרוייקטי תשתיות וטיפול,2011,15,0,152
0004080615,השתתפות ממשרד התחבורה,2011,-1,0,-1
0004080616,פיתוח ברקת,2011,68,20000,19212
0004080690,בתי עלמין עתיקים,2011,,500,0
0004080697,השתתפות בלשכת הפרסום,2011,83,0,3692
0004080699,רזרבה לפיתוח בתי,2011,,6898,0
0004080901,הקמת מוסדות דת,2011,10498,0,21577
0004080902,פיתוח מבני דת בהתאם,2011,17068,0,62712
0004080903,תמיכה בהקמת מוסדות דת,2011,-1,0,-1
0004080904,פיתוח מבני דת הסכם,2011,7020,14487,26381
0004080905,רזרבה,2011,-1,0,-1
0004080906,"הסכם קואליציוני ש""ס",2011,1808,15000,9114
0004080907,השתתפות במשרד הבטחון,2011,300,,300
0004081001,שיא כח אדם,2011,3482,3870,3640
0004081002,עבודה בלתי צמיתה,2011,8068,5688,8318
0004081003,החזר הוצאות רכב,2011,1406,1295,1425
0004081004,שעות נוספות,2011,444,779,474
0004081005,רכישת רכבים,2011,116,200,716
0004081006,שכר דירה,2011,951,974,951
0004081007,עלויות פרישה,2011,1598,0,1600
0004081008,תפעול אחזקה ודואר,2011,3119,4150,5524
0004081009,דלק לרכב ממשלתי,2011,237,133,266
0004081010,אחזקת רכב ממשלתי,2011,208,210,210
0004081011,הדרכה ורווחה,2011,369,700,798
0004081012,שירותי ייעוץ,2011,860,1050,3035
0004081013,מיכון,2011,791,922,1480
0004081014,פעולות אבטחה ושמירה,2011,211,300,814
0004081015,סטודנטים,2011,136,195,195
0004081016,העסקת עובדים זמניים,2011,47,0,50
0004081017,פסקי דין,2011,271,300,300
0004081018,"נסיעות לחו""ל",2011,229,111,286
0004081019,רזרבה להתייקרויות שכר,2011,,100,0
0004081020,השתתפות משרד האוצר,2011,-32,,-32
0004089999,חשבון מעבר,2011,-2477,0,
0004090101,"שיא כ""א",2011,3459,2767,2767
0004090102,עבודה ארעית,2011,5727,6816,6816
0004090103,שעות נוספות,2011,664,558,558
0004090105,כוננויות,2011,74,68,68
0004090106,עלויות פרישה,2011,253,61,186
0004090107,העסקת סטודנטים,2011,197,127,187
0004090108,העסקת מתמחים,2011,-1,0,-1
0004090201,"רכישת שירותי כ""א",2011,436,259,646
0004090202,שירותי ייעוץ,2011,113,240,156
0004090301,"נסיעות לחו""ל",2011,7,118,81
0004090302,"תפעול, אחזקה, דואר",2011,2707,2213,3689
0004090303,החזר הוצאות רכב,2011,1073,756,896
0004090304,שכירות רכב ממנהל הרכב,2011,100,621,401
0004090305,דלק לרכב ממשלתי,2011,375,380,522
0004090306,אחזקת רכב ממשלתי,2011,657,479,668
0004090307,שכר דירה,2011,1703,1450,1716
0004090308,השתתפות בתהילה,2011,5,50,50
0004090309,רווחה,2011,-1,0,-1
0004090310,שמיטה - היתרי מכירה,2011,-1,0,-1
0004090311,רזרבה להשתתפות במינהל,2011,-1,0,-1
0004090312,רכישת רכבים,2011,,,200
0004090402,קניית שירותי תכנה,2011,276,140,339
0004090403,קניית שירותי חומרה,2011,7,0,7
0004090501,עלונים וחוברות הסברה,2011,266,190,371
0004090502,אירועים שונים,2011,122,200,215
0004090503,השתלמויות ורווחה,2011,133,200,305
0004090601,"פיקוח על הכשרות בחו""ל",2011,141,80,234
0004090602,אכיפת נושא הכשרות,2011,94,120,148
0004090603,מערך אכיפה במגזר,2011,2,65,23
0004090701,ועדת בוחנים,2011,1443,0,2749
0004090702,הכנסות מבחינות ואגרות,2011,-1800,0,-1580
0004090705,ברית מילה לעולים חדשים,2011,668,1600,1682
0004090706,עידוד השתלת איברים,2011,,,1180
0004090801,רזרבה להתייקרויות שכר,2011,,227,0
0004090803,רזרבה להתייקרויות,2011,,36,0
0004090804,"רזרבה להתייקרויות חו""ל",2011,-1,0,-1
0004090805,רזרבה לעמידה ביעד,2011,,106,0
0004150101,שיא כח אדם,2011,12706,12141,12141
0004150102,"שליחים בחו""ל",2011,13404,10506,12506
0004150103,עובדים מקומיים ישראליים,2011,966,2522,1722
0004150104,רזרבה להתייקרויות שכר,2011,,300,0
0004150105,רזרבה להתייקרויות שכר,2011,,260,0
0004150106,העסקת סטודנטים,2011,134,71,131
0004150107,תקני רכב שירות,2011,1445,2500,1800
0004150108,עבודה בלתי צמיתה,2011,642,235,745
0004150109,שעות נוספות,2011,180,81,136
0004150111,עלויות פרישה,2011,545,10,600
0004150113,השתלמויות,2011,-1,0,-1
0004150118,קורס שליחים,2011,156,207,162
0004150119,כוננויות,2011,21,20,20
0004150201,אמרכלות ופעולות בארץ,2011,3729,4580,9728
0004150202,"אמרכלות ופעולות בחו""ל",2011,15008,14386,28456
0004150203,"שכירות ואחזקות בחו""ל",2011,7030,6551,11309
0004150204,רזרבה להתייקרויות קניות,2011,,348,0
0004150205,קניות שירותי כח אדם,2011,20,0,24
0004150206,שכר דירה בארץ,2011,1868,1988,1858
0004150207,רכבים צמודים,2011,266,350,350
0004150208,שכירת שירותי אבטחה,2011,502,400,1095
0004150209,"נסיעות לחו""ל",2011,353,499,755
0004150210,ארוחות לעובדים -,2011,300,400,865
0004150213,"נסיעות בחו""ל ומחו""ל",2011,803,724,884
0004150215,הדרכה,2011,240,390,405
0004150216,רווחה,2011,258,330,373
0004150217,טלפונים ודואר,2011,683,700,1394
0004150218,תמיכה במרכז להנצחת חיל,2011,30,20,31
0004150219,רזרבה לעמידה ביעדי,2011,,1003,0
0004150220,השתתפות בתהילה,2011,8,8,8
0004150221,השתתפות במשרד החינוך,2011,211,0,220
0004150222,השתתפות במשרד הקליטה,2011,-1,0,-1
0004150223,השתתפות משרד ההסברה והתפוצות,2011,-1000,,-1000
0004150224,השתתפות במשרד התרבות,2011,,,60
0004150250,השתתפות גורמי חוץ,2011,-117,0,-150
0004150251,רזרבה לפעולות,2011,,2073,2073
0004150301,קניית שירותי כח- אדם,2011,280,0,463
0004150302,מחשוב שוטף,2011,505,0,1123
0004150303,מחשוב פיתוח,2011,344,0,883
0004150304,קניות שוטף,2011,,0,3
0004150503,מערכת מיחשוב,2011,2124,2000,5650
0004150505,פיתוח פרוייקט מחשוב,2011,1229,1000,4006
0004150510,"מערכת מחשוב בחו""ל",2011,275,350,383
0004150520,השתתפות גורמי חוץ,2011,-1,0,-1
0004150602,השתתפות גורמי חוץ,2011,-1,0,-1
0004150605,"פעילות תרבות בחו""ל",2011,-1,0,-1
0004150606,"אחזקה ולוגיסטיקה בחו""ל",2011,-1,0,-1
0004150701,הפעלת שירותי דת,2011,10,0,9
0004150702,השתתפות משרד הדתות,2011,-1,0,-1
0004150704,פרוייקט זהות,2011,-1,0,-1
0004160101,שיא כח אדם,2011,20192,16276,20128
0004160102,עבודה בלתי צמיתה,2011,10480,8695,10691
0004160103,שעות נוספות,2011,1717,1443,1754
0004160104,כוננויות,2011,1193,1286,1212
0004160105,שכר עידוד,2011,,33,0
0004160106,החזר הוצאות רכב,2011,4325,5678,4606
0004160107,עבודה בלתי צמיתה -,2011,173,181,178
0004160108,הכנסה מגורמי חוץ,2011,,0,-225
0004160109,העסקת סטודנטים,2011,598,512,584
0004160110,עלויות פרישה,2011,289,216,372
0004160201,תפעול,2011,1428,1820,2379
0004160202,הדרכה והשתלמויות,2011,260,400,637
0004160203,אחזקה,2011,2385,2588,3303
0004160204,"דואר, טלפונים ומשלוחים",2011,465,750,745
0004160205,דמי שימוש בנכסים,2011,1849,1971,1960
0004160206,השתתפות באחזקה במשרד,2011,127,250,542
0004160207,אחזקת רכב ממשלתי,2011,497,500,500
0004160208,דלק לרכב ממשלתי,2011,198,200,201
0004160209,שכירות רכב,2011,,0,10
0004160210,רווחה,2011,177,150,176
0004160211,"נסיעות לחו""ל",2011,18,90,106
0004160212,"קניית שירותי כ""א",2011,-1,0,-1
0004160213,ייעוץ מומחים,2011,-1,0,-1
0004160214,עובד מצטיין,2011,53,50,132
0004160215,מינהל הסגל הבכיר,2011,275,500,998
0004160216,שכר דירה - בית הדין,2011,1125,1125,1125
0004160217,תפעול - בית הדין,2011,296,300,300
0004160218,תפעול - יחידת איכות,2011,73,72,159
0004160219,הכנסות מגורמי חוץ,2011,-14,0,-50
0004160222,פרסום תקנון שירות,2011,-1,0,-1
0004160223,השתתפות המשרדים -,2011,-1,0,-1
0004160224,מחקרים בהנדסת ייצור,2011,-1,0,-1
0004160225,השתתפות המשרדים,2011,-1,0,-1
0004160226,בחינות,2011,,0,50
0004160227,השתתפות המשרדים,2011,-1,0,-1
0004160229,פרסום מכרזים,2011,371,1000,1005
0004160230,השתתפות המשרדים בפרסום,2011,-337,-1000,-1000
0004160231,מכרזים לבני מיעוטים,2011,-1,0,-1
0004160301,תפעול - הדרכה,2011,,49,49
0004160302,ייעוץ - הדרכה,2011,,123,123
0004160303,פעולות הדרכה,2011,1641,1378,3678
0004160304,הכנסות מגורמי חוץ -,2011,-1,0,-20
0004160305,השתתפות המשרדים בהדרכה,2011,-2544,-1550,-2550
0004160306,תכנית מוסדית לתואר שני במדיניות ציבורית,2011,370,,1400
0004160307,"מיזם ממשלתי עם אלכ""א והג'וינט",2011,,,2500
0004160401,חומרים וציוד,2011,672,800,2404
0004160402,אחזקה ושכירות מחשב,2011,2242,2000,3865
0004160403,רכישת שירותי ייעוץ,2011,216,200,626
0004160404,"השתתפות בפרויקט מרכב""ה",2011,-1,0,-1
0004160405,השתתפות בפרויקט תהילה,2011,191,295,295
0004160406,רזרבה למיכון - בחינות,2011,-1,0,-1
0004160407,מרכז תמיכה טלפוני למערך הבחינות והמכרזים,2011,,,400
0004160501,פרויקט עתידים למגזר,2011,430,2448,618
0004160601,רזרבה להתייקרויות בשכר,2011,,887,0
0004160602,רזרבה לעמידה ביעד,2011,,330,0
0004160701,תפעול,2011,,3000,3100
0004160702,עבודה בלתי צמיתה,2011,,7377,0
0004160703,שעות נוספות,2011,,290,0
0004160704,החזר הוצאות רכב,2011,,2030,0
0004210101,שיא כח אדם,2011,787,568,720
0004210102,עבודה בלתי צמיתה,2011,5591,5435,6849
0004210103,שעות נוספות,2011,119,201,201
0004210104,החזר הוצאות רכב,2011,512,1105,1265
0004210105,רזרבה להתיקרויות שכר,2011,,355,355
0004210106,רזרבה להתייקרויות -,2011,,1770,0
0004210107,העסקת סטודנטים,2011,69,0,160
0004210108,מתמחים,2011,,,30
0004210201,תפעול,2011,555,750,1071
0004210202,מחשוב,2011,37,150,65
0004210203,"פרויקטים, מחקרים ויעוץ",2011,779,750,3950
0004210204,ביטחון,2011,47,450,350
0004210205,"נסיעות לחו""ל",2011,391,300,607
0004210206,שכר דירה,2011,885,1000,1155
0004210207,ארנונה,2011,55,150,272
0004210208,אחזקת רכב ממשלתי,2011,441,331,481
0004210209,דלק לרכב ממשלתי,2011,255,300,423
0004210210,רכישת רכב,2011,212,0,215
0004210211,רווחה,2011,40,50,50
0004210212,הדרכה,2011,14,50,67
0004210213,רזרבה לעמידה ביעד,2011,,1420,0
0004210214,"רזרבה להתייקרויות חו""ל",2011,,5,5
0004210218,הוצאות חשמל,2011,5,50,72
0004210219,כנסים וירידים,2011,1700,2000,2750
0004210220,הכנסות מירידים,2011,,,-750
0004210301,רשות לפיתוח הנגב,2011,12513,8000,44801
0004210302,רשות לפיתוח הגליל,2011,23637,8000,45037
0004210303,"פרוייקט ""עלי נגב""",2011,7399,0,19814
0004210305,פרוייקטים לפיתוח הנגב,2011,47989,35810,90257
0004210306,פרויקטים בשיתוף החברה,2011,,0,9
0004210314,השתתפות במשרד החקלאות,2011,-1,0,-1
0004210316,השתתפות במשרד התיירות,2011,-1,0,-1
0004210317,רזרבה לפיתוח הנגב,2011,-1,0,-1
0004210318,השתתפות במשרד התחבורה,2011,-1,0,-1
0004210320,השתתפות במשרד לביטחון,2011,-1,0,-1
0004210322,השתתפות במשרד החינוך,2011,-1,0,-1
0004210323,"השתתפות במשרד התעסוקה,",2011,-1,0,-1
0004210326,השתתפות בתמיכות בענפי,2011,-1,0,-1
0004210327,השתתפות במשרד השיכון,2011,-1,0,-1
0004210329,השתתפות בפיתוח תשתית,2011,-1,0,-1
0004210330,השתתפות במשרד הרווחה,2011,-1,0,-1
0004210332,השתתפות בחטיבה,2011,-1,0,-1
0004210333,השתתפות בלשכת הפרסום,2011,4119,4000,6784
0004210334,השתתפות במשרד הקליטה,2011,-1,0,-1
0004210335,השתתפות משרד החקלאות,2011,-1,0,-1
0004210336,רזרבה להשתתפויות,2011,-1,0,-1
0004210337,השתתפות משרד ראש,2011,-1,0,-1
0004210338,השתתפות במינהל הביוב,2011,-1,0,-1
0004210339,השתתפות במשרד הביטחון,2011,-1,0,-1
0004210341,רזרבה להשתתפויות,2011,-1,0,-1
0004210342,השתתפות במשרד הפנים,2011,-1,0,-1
0004210343,השתתפות במשרד החקלאות,2011,-1,0,-1
0004210344,פרוייקטים בתחום,2011,,25000,0
0004210345,פרוייקטים בתחום,2011,,1000,0
0004210346,חינוך וקהילה,2011,2394,15000,12750
0004210347,פרוייקטים בתחום,2011,,30000,19300
0004210348,פרוייקטים בתחום התרבות,2011,,25000,0
0004210390,השתתפות במשרד הקליטה,2011,-1,0,-1
0004220101,יעודה לחיזוק הצפון,2011,,28753,1339
0004220103,רזרבה לעמידה ביעד,2011,,587,587
0004220104,השתתפות בלשכת הפרסום,2011,,0,1319
0004230101,עבודה בלתי צמיתה,2011,4755,10908,5728
0004230102,שעות נוספות,2011,174,364,200
0004230103,החזר הוצאות רכב,2011,446,1010,518
0004230104,העסקת מתמחים,2011,,,30
0004230201,קניות,2011,905,34307,1569
0004230202,אבטחת שרים,2011,3194,2950,3360
0004230203,השתתפות באבטחת שר,2011,-2950,-2950,-2950
0004230204,הוצאות תפעוליות,2011,317,0,931
0004230205,מיכון,2011,713,0,900
0004230206,הוצאות אבטחה,2011,45,0,2437
0004230207,"נסיעות לחו""ל",2011,95,0,1072
0004230208,פרוייקטים ויועצים,2011,4377,0,15930
0004230209,רווחה והדרכה,2011,100,0,310
0004230210,שכר דירה,2011,1677,1150,1750
0004230211,ארנונה,2011,156,0,239
0004230212,אחזקה ורכישת רכב ממשלתי,2011,354,0,650
0004230213,דלק לרכב ממשלתי,2011,49,0,244
0004230250,השתתפות במשרד הפנים,2011,-1,0,-1
0004230301,רזרבה להתייקרות שכר,2011,,1078,0
0004230302,רזרבה לעמידה ביעד,2011,,1183,0
0004230401,השתתפות במשרד החקלאות,2011,-1,0,-1
0004230402,השתתפות במשרד להגנת,2011,-1,0,-1
0004999999,חשבון מעבר,2011,0,0,
0019010101,העסקת סטודנטים,2011,332,165,317
0019010102,אחזקת רכב ממשלתי,2011,1192,649,1365
0019010103,דלק לרכב ממשלתי,2011,625,200,957
0019010104,שיא כוח אדם,2011,13959,16706,13958
0019010105,שיא כוח אדם- פיקוח-,2011,-1,0,-1
0019010106,שיא כח אדם- מדע,2011,-1,0,-1
0019010107,שעות נוספות,2011,862,1195,862
0019010109,חדשי עבודה,2011,14973,10641,15040
0019010110,כוננויות,2011,214,242,214
0019010111,עבודה בלתי צמיתה-,2011,-1,0,-1
0019010112,עבודה בלתי צמיתה-,2011,-1,0,-1
0019010113,החזר הוצאות רכב,2011,3620,5299,3620
0019010114,"אש""ל",2011,135,147,147
0019010115,אחזקת רכב ונסיעות-,2011,-1,0,-1
0019010116,שכר עידוד,2011,1418,998,1418
0019010117,עלויות פרישה- מדע,2011,1379,180,1292
0019010119,שכר ייעוץ,2011,254,50,314
0019010120,העסקת מתמחים,2011,-1,0,-1
0019010201,הוצאות תפעול,2011,5627,5784,9676
0019010202,הוצאות תפעול- מדע,2011,18,0,17
0019010206,קניית שירותי כח אדם,2011,70,150,184
0019010207,ייעוץ לפרוייקטים,2011,215,374,452
0019010208,"נסיעות לחו""ל",2011,790,800,1340
0019010210,הדרכה והשתלמויות- מדע,2011,184,200,335
0019010211,הדרכה והשתלמויות-,2011,-1,0,-1
0019010218,דמי שימוש-דיור ממשלתי,2011,1223,1009,1273
0019010219,שכר דירה - השתתפות,2011,2704,2243,2725
0019010220,אחזקה- מדע,2011,1327,1400,2087
0019010221,שמירה ואבטחת השר,2011,7871,5900,8080
0019010222,אחזקה- תרבות וספורט,2011,-1,0,-1
0019010223,אבטחת משלחות- תרבות,2011,2819,4000,4276
0019010224,השתתפות במשרד,2011,21,1163,21
0019010226,השתתפות באבטחת השר,2011,-6450,-5900,-7192
0019010231,הוצאות חשמל,2011,296,800,979
0019010232,רכישת שירותים ממשרדי,2011,,2000,2000
0019010233,מכירת שירותים למשרדי,2011,-83,-2000,-2000
0019010234,השתתפות באוצר - חשבות,2011,,128,128
0019010240,"השתתפות בבט""פ",2011,-1,0,-1
0019010304,קניית שרותי מחשוב,2011,761,616,1009
0019010307,השתתפות באוצר - בוחן,2011,,15,15
0019010308,השתתפות באוצר - מרכבה,2011,86,86,86
0019010309,השתתפות באוצר - ממשל,2011,-1,0,-1
0019010336,ארמור - פרוייקט משותף,2011,-1,0,-1
0019010337,ארמור - הכנסה מהאיחוד,2011,-1,0,-1
0019040101,קשרי חוץ מדעיים וכנסים,2011,649,434,1295
0019040102,חברות באיגודים,2011,37834,5000,38025
0019040104,השתתפות בניהול תוכנית,2011,-1,0,-1
0019040105,השתתתפות בתוכנית המחקר,2011,40438,31500,42000
0019040106,ניהול תוכנית מחקר,2011,450,485,450
0019040107,השתתפות ב-OECD,2011,26,1528,54
0019040201,מחקרים משותפים עם,2011,10146,0,19500
0019040202,הכנסות מממשלת גרמניה,2011,-10146,0,-19500
0019040203,פעולות מדעיות במימון,2011,2418,0,11598
0019040204,הכנסות מעזבונות לטובת,2011,-2418,0,-11598
0019040205,מחקרים מדעיים במימון,2011,980,0,2001
0019040206,הכנסות קרן ישראל סין -,2011,-980,0,-2001
0019040207,מחקרים דו לאומיים,2011,10720,2342,13217
0019040208,מחקר ופיתוח אזורי,2011,4739,2725,8629
0019040209,מלגות למגזרים שונים,2011,518,331,1450
0019040210,תמיכה במרכזי מחקר,2011,3489,1597,3581
0019040211,מרכזי מחקר ופיתוח בקו,2011,13700,12000,13700
0019040213,פרחי מדע,2011,15015,0,43525
0019040214,מחקרים על שם אילן רמון,2011,1056,1000,1720
0019040215,השתתפות בועדה לתכנון,2011,-1,0,-1
0019040216,מרכזי מחקר ופיתוח,2011,1499,0,1500
0019040217,מחקרים בנושא תחליפי נפט לתחבורה בהתאם מיום 30 בינואר 2011 להחלטת ממשלה מספר 2790,2011,100,,793
0019040218,פרס ראש הממשלה לחדשנות עולמית בתחום תחליפי 30 בינואר 2011 ניום להחלטת ממשלה מספר 2790 נפט לתחבורה בהתאם,2011,,,500
0019040220,השתתפות מסעיף הוצאות,2011,-1,0,-1
0019040301,חוזי המשך - מחקרי מדע,2011,-1,0,-1
0019040302,שנה ג' 2007 - מחקרי מדע,2011,-1,0,-1
0019040303,שנה ב' 2008 - מחקרי מדע,2011,-1,0,-1
0019040304, מחקרי מדע,2011,31085,24707,45810
0019040305,הפעלת ועדות מקצועיות,2011,-1,0,-1
0019040306,סוכנות החלל הישראלית,2011,623,3710,4273
0019040307,עתודה להקמת תשתיות,2011,,9982,0
0019040310,שיתוף פעולה ישראל צרפת,2011,2256,0,4000
0019040311,הכנסה משיתוף פעולה,2011,-2234,0,-4000
0019040312,ונוס - פרוייקט משותף,2011,5518,0,6178
0019040313,הכנסה מלויין ונוס -,2011,-5340,0,-6000
0019040314,הכנסות ונוס,2011,-1,0,-1
0019040315,השתתפות משרד הביטחון,2011,-1,0,-1
0019040316,פרוייקט משותף עם ממשלת,2011,1650,0,6000
0019040317,הוצאה מותנית כללית,2011,-1,0,-1
0019040318,הכנסה מותנית כללית,2011,-1,0,-1
0019040402,תפעול,2011,934,874,1940
0019040403,יועצים,2011,718,2017,2513
0019040404,מחקרים וסקרים,2011,614,2084,2669
0019040405,השתתפות בלשכה המרכזית,2011,982,1100,1083
0019040406,הכנסות מתוכנית שישים,2011,21,0,-6000
0019040407,הוצאה על פרוייקטים,2011,145,0,6000
0019040410,רזרבת מאקרו,2011,-1,0,-1
0019070101,"רזרבה להתייקרויות מט""ח",2011,,127,0
0019070103,רזרבה להתייקרויות בשכר,2011,,726,0
0019070106,רזרבה להתייקרויות,2011,,3873,0
0019070107,רזרבה,2011,,16462,0
0019070109,רזרבה לעמידה ביעד,2011,,1757,0
0019210941,רשות העתיקות,2011,81563,57113,85063
0019210949,הכנסות ממנהל מקרקעי,2011,,0,-3500
0019310301,עתודה לקידום התרבות,2011,,34000,0
0019310303,השתתפות משרד הפנים,2011,-1,0,-1
0019310304,עתודה לשיפוץ ביתן,2011,-1,0,-1
0019310306,עתודה לקולנוע,2011,,8728,0
0019310308,השתתפות משרד ראש,2011,,-2200,-2200
0019310310,השתתפות חינוך בתרבות,2011,,-2800,-2800
0019310311,השתתפות חינוך במגה,2011,-1,0,-1
0019310312,מגה שיפוצים,2011,-1,0,-1
0019310315,בית התפוצות,2011,13600,11736,31872
0019310330,רזרבה להתייקרויות,2011,,12067,0
0019310331,זלמן שזר,2011,1210,,1210
0019310332,קבוצות תיאטרון,2011,14858,14670,15541
0019310334,הכנסות שירות הסרטים,2011,-76,0,-500
0019310338,מוסדות במצוקה,2011,,,9750
0019310340,תמיכה לשיפוצים במוסדות,2011,12771,3912,33056
0019310341,הפקה - שירות הסרטים,2011,152,196,1812
0019310342,סיוע לאומנים עצמאים,2011,359,235,364
0019310343,פרסי תרבות,2011,3713,3912,3713
0019310345,מוסדות תרבות מדע ומחקר,2011,15569,14866,16141
0019310346,תאטראות- תמיכה,2011,80870,77555,81472
0019310347,השתתפות במשרד הקליטה,2011,-1,0,-1
0019310348,"מוסיקה - תזמורות,",2011,47720,44988,47721
0019310349,מכון יד בן צבי,2011,19800,6259,20400
0019310350,מוזיאונים - תמיכה,2011,39219,38631,39500
0019310351,האקדמיה ללשון העברית,2011,9000,7835,10200
0019310352,מחול - תמיכה,2011,29478,29340,29498
0019310353,אופרות - תמיכה,2011,20100,18582,20100
0019310354,"ספרות, כתבי עת ומפעלי",2011,10205,9780,11814
0019310355,ספריות תמיכות,2011,4500,4401,4500
0019310356,אמנות פלסטית,2011,4470,4205,4682
0019310357,מוסדות מורשת בן גוריון,2011,6106,4694,6406
0019310358,השתתפות משרד הפנים,2011,-1000,,-1000
0019310359,פסטיבלים לתרבות ואמנות,2011,12006,9878,12290
0019310360,קולנוע - פעולות,2011,,0,100
0019310362,החלטות ממשלה - מורשת,2011,,2414,0
0019310363,חוק הקולנוע,2011,62724,48900,62725
0019310364,הענקות ליוצרים,2011,11,23,12
0019310365,קרן לעזרת סופרים ואמנים,2011,500,489,500
0019310366,השתתפות במשרד החינוך,2011,-1,0,-1
0019310367,תרבות בקהילה - תמיכה,2011,12206,6553,12788
0019310368,השתתפות במשרד הפנים,2011,-1,0,-1
0019310369,מורשת עדות ישראל -,2011,9074,7531,9081
0019310370,פעולות בתרבות,2011,25854,19371,33778
0019310373,פעולות תרבות ערבית -,2011,11532,9095,12600
0019310374,מוסדות תרבות תורנית -,2011,9796,7433,10046
0019310376,"ב""ש והנגב",2011,4709,0,4708
0019310377,"בתי""ס לאמנות - תמיכה",2011,20103,19267,20472
0019310378,מימון חוק אזרחים,2011,20785,16152,20778
0019310379,מוזיאונים - אזרחים,2011,3767,2533,3833
0019310380,הכנסות מפעולות קולנוע,2011,-1,0,-1
0019310381,השקעת בעלים בחברת,2011,,0,5000
0019310383,זכויות יוצרים לקלטות,2011,1500,1467,3731
0019310384,שימור רצף פעולות -,2011,4000,0,4000
0019310385,הכנסות מהחזרי תמיכות,2011,-13,0,-500
0019310386,הפצת אמנויות לעם,2011,144,0,144
0019310388,המועצה הלאומית לתרבות,2011,1800,1076,1800
0019310389,ספריות - פעולות,2011,44068,60343,65976
0019310390,אקדמיה ללשון הערבית,2011,1300,1271,1300
0019310391,המועצה לתרבות,2011,2616,978,2949
0019310392,הכנסות מגורמי חוץ,2011,-1,0,
0019310394,שימור אתרי התיישבות -,2011,17367,16559,23367
0019310395,השתתפות בשיפוץ ביתן,2011,1700,1700,1700
0019310396,מענק ירושלים לתרבות,2011,23000,19071,23000
0019310397,פעולות רכישות והוצאות,2011,12927,7280,22438
0019310399,פעולות תרבות לדרוזים -,2011,2937,2152,3200
0019370302,התאחדויות - תמיכה,2011,259,904,551
0019370303,יוזמות,2011,879,786,2299
0019370305,פרסים,2011,-1,0,-1
0019370307,תמיכה בתחרויות לאומיות,2011,,1820,0
0019370308,פעילויות ותחרויות,2011,-1,0,-1
0019370309,השתתפות בממשל זמין,2011,-1,0,-1
0019370315,קרן רכב,2011,98,0,486
0019370319,תמיכה בביטוח,2011,,,2000
0019370401,עידוד פעולות,2011,11651,3425,11663
0019370402,גביע אירופה לקבוצות -,2011,244,132,253
0019370403,מרכזי מחקר ופיתוח ומתן,2011,9700,9379,9700
0019370404,פעולות ספורט עממיות -,2011,1741,351,1866
0019370405,מרכזי אימון ותחרות,2011,3148,684,3433
0019370406,אגודות הישג ומרכזים -,2011,,385,0
0019370410,יוזמות בספורט,2011,6114,2484,16773
0019370411,פעולות ספורט ברשויות,2011,24652,12778,24689
0019370416,הרשות המוסמכת לצלילה,2011,727,370,1500
0019370417,הכנסות הרשות המוסמכת,2011,-105,0,-300
0019370418,מתקנים ואתרי ספורט,2011,34678,5965,82305
0019370419,שרותי יעוץ של הספורט,2011,-1,0,-1
0019370420,הפעלת ספורט הישגי,2011,14001,2055,14939
0019370422,ספורט הישגי לנשים,2011,1799,1800,1800
0019370424,השתתפות חינוך בספורט,2011,-1773,-1800,-1800
0019370425,התאחדויות ספורט בבתי,2011,8272,3402,8272
0019370426,סל ספורט לבתי הספר,2011,,2886,0
0019370428,רזרבה לפעולות,2011,,33093,0
0019370431,פעילות בספורט,2011,100,8190,100
0019370432,בעלי צרכים מיוחדים,2011,330,0,334
0019370433,פעולות רב ענפיות,2011,250,0,250
0019370434,פרסים,2011,998,0,1001
0019370435,השתתפות משרד התיירות,2011,-1,0,-1
0019370436,המועצה הלאומית לספורט,2011,,10000,0
0019370437,הכנות אולימפיות,2011,,10000,0
0019370438,השתתפות משרד החינוך,2011,-1,0,-1
0019370439,הכנסות ממועצת ההימורים,2011,-38,0,-2000
0019370440,אלימות בספורט,2011,38,0,2000
0019999999,חשבון מעבר,2011,-150,0,
0004,משרד ראש הממשלה,2012,-1,2072099,-1
0019,"משרד המדע, התרבות",2012,-1,1020201,-1
000401,תחום פעולה כללי,2012,-1,362212,-1
000402,ראשות הממשלה,2012,-1,377514,-1
000403,סטטיסטיקה ממלכתית,2012,-1,203428,-1
000404,רזרבה לסעיף ראש הממשלה,2012,-1,96201,-1
000405,לשכת העיתונות הממשלתית,2012,-1,7186,-1
000406,מימון פעולות תוכנית,2012,-1,241100,-1
000408,שירותי דת,2012,-1,393778,-1
000409,רבנות ראשית,2012,-1,20314,-1
000415,נתיב,2012,-1,65282,-1
000416,נציבות שירות המדינה,2012,-1,75114,-1
000421,המשרד לפיתוח הנגב      והגליל,2012,-1,168763,-1
000422,תוכנית לחיזוק הצפון,2012,-1,10933,-1
000423,המשרד לשיתוף פעולה     אזורי,2012,-1,50274,-1
001901,מינהל ושירותים כלליים,2012,-1,55762,-1
001904,מינהל מדע,2012,-1,101533,-1
001907,רזרבה,2012,-1,34870,-1
001921,רשות העתיקות,2012,-1,57113,-1
001931,תרבות,2012,-1,642185,-1
001937,מינהל הספורט,2012,-1,128738,-1
00040111,שירותים מרכזיים,2012,-1,82463,-1
00040112,המינהלה לפרוייקטים,2012,-1,70658,-1
00040113,ועדת וינוגרד,2012,-1,0,-1
00040114,מנהלת השירות האזרחי,2012,-1,65549,-1
00040116,מטה הסברה לאומי,2012,-1,6598,-1
00040117,העצמת תשתיות מורשת     לאומית,2012,-1,0,-1
00040119,אמרכלות,2012,-1,47207,-1
00040120,מערך הגיור,2012,-1,43986,-1
00040131,ארכיון המדינה,2012,-1,0,-1
00040139,אמרכלות ארכיון המדינה,2012,-1,23480,-1
00040161,מחקרים שונים,2012,-1,0,-1
00040162,השתתפות האפוטרופוס כללי,2012,-1,0,-1
00040164,השתתפות אפוטרופוס,2012,-1,0,-1
00040171,מרכז בגין,2012,-1,5150,-1
00040172,מרכז רבין,2012,-1,4671,-1
00040173,מרכז הסברה,2012,-1,12450,-1
00040175,היכל הגבורה ים-עכו,2012,-1,0,-1
00040176,חלקת גדולי האומה,2012,-1,0,-1
00040198,סיוע נפגעות תקיפה מינית,2012,-1,0,-1
00040211,לשכת ראש הממשלה,2012,-1,0,-1
00040212,מזכירות הממשלה,2012,-1,4433,-1
00040214,יעוץ לראש הממשלה,2012,-1,7356,-1
00040215,לשכת ראש הממשלה לשעבר  נתניהו,2012,-1,0,-1
00040216,לשכת ראש הממשלה לשעבר -שמיר,2012,-1,376,-1
00040217,לשכת ראש הממשלה לשעבר  אהוד אולמרט,2012,-1,3494,-1
00040218,לשכת ראש הממשלה לשעבר  - אריאל שרון,2012,-1,976,-1
00040219,אמרכלות ראשות הממשלה,2012,-1,53081,-1
00040221,הרשות לקידום מעמד האשה,2012,-1,21744,-1
00040228,פרוייקטים לעידוד       העלייה,2012,-1,85339,-1
00040231,נציב קבילות הסיענים,2012,-1,0,-1
00040247,מחשב לכל ילד,2012,-1,7500,-1
00040252,המועצה להנצחה,2012,-1,0,-1
00040253,תמיכות בארגוני הנצחה,2012,-1,9906,-1
00040269,תוכנית פיתוח ישובי     המגזר הערבי,2012,-1,0,-1
00040270,הרשות לפיתוח כלכלי של  המגזר הערבי,2012,-1,15887,-1
00040271,לשכת השר אבישי ברוורמן,2012,-1,18408,-1
00040272,לשכת השר יעקב מרג'י,2012,-1,0,-1
00040273,לשכת השר בני בגין,2012,-1,2159,-1
00040274,לשכת סגן השר איוב קרא,2012,-1,2202,-1
00040275,לשכת השר יוסי פלד,2012,-1,2410,-1
00040276,לשכת השרה גילה גמליאל  גמליאל,2012,-1,2245,-1
00040277,משרד ההסברה והתפוצות,2012,-1,45892,-1
00040278,לשכת השר משולם נהרי,2012,-1,2248,-1
00040279,לשכת השר מיכאל איתן,2012,-1,2248,-1
00040280,לשכת השר לענייני       גימלאים,2012,-1,2306,-1
00040281,המשרד לענייני גמלאים,2012,-1,65969,-1
00040282,המשרד לעניינים         אסטרטגיים,2012,-1,10994,-1
00040283,המשרד לענייני מודיעין,2012,-1,10341,-1
00040302,לשכה מרכזית לסטטיסטיקה,2012,-1,113597,-1
00040303,אמרכלות,2012,-1,34340,-1
00040304,מפקד אוכלוסין,2012,-1,39771,-1
00040305,סקר ארוך טווח,2012,-1,4392,-1
00040310,רזרבה להתייקרויות,2012,-1,0,-1
00040311,סקר משקי בית,2012,-1,0,-1
00040313,סקר חברתי,2012,-1,0,-1
00040315,רזרבה למפקד שוטף,2012,-1,11328,-1
00040401,רזרבה למשרד ראש הממשלה,2012,-1,96201,-1
00040510,הנהלת הלשכה,2012,-1,7186,-1
00040519,אמרכלות,2012,-1,0,-1
00040601,שכר מנהלת תנופה,2012,-1,15531,-1
00040603,אמרכלות מנהלת תנופה,2012,-1,3757,-1
00040604,פעולות מנהלת תנופה,2012,-1,4150,-1
00040608,הסכמים לקבוצות על פי   סעיף 85 לחוק יישום     תכנית ההתנתקות,2012,-1,40000,-1
00040610,סיוע לפרטים - מגורים   ומענקים,2012,-1,33572,-1
00040611,סיוע לפרטים - תעסוקה,2012,-1,23300,-1
00040612,סיוע לעסקים,2012,-1,66400,-1
00040614,מימון פעולות משרדי     הממשלה,2012,-1,54390,-1
00040801,מועצות דתיות,2012,-1,201756,-1
00040802,שירותי דת,2012,-1,74147,-1
00040803,בתי כנסת,2012,-1,75,-1
00040804,רזרבות,2012,-1,11121,-1
00040806,פתוח בתי עלמין,2012,-1,51976,-1
00040809,פיתוח מבני דת,2012,-1,33000,-1
00040810,שכר ואמרכלות,2012,-1,21703,-1
00040901,שכר,2012,-1,10531,-1
00040902,שירותי כוח אדם וייעוץ,2012,-1,509,-1
00040903,אמרכלות,2012,-1,6123,-1
00040904,מיכון,2012,-1,140,-1
00040905,הסברה אירועים,2012,-1,590,-1
00040906,פעולות למען הכשרות,2012,-1,265,-1
00040907,פעולות הרבנות הראשית,2012,-1,1600,-1
00040908,רזרבות להתייקרויות,2012,-1,556,-1
00041501,שכר עובדי נתיב,2012,-1,29845,-1
00041502,אמרכלות ופעולות,2012,-1,32087,-1
00041503,פרוייקט הקלדה,2012,-1,0,-1
00041505,פרוייקט מיחשוב,2012,-1,3350,-1
00041506,פעולות תרבות וחינוך,2012,-1,0,-1
00041507,שירותי דת,2012,-1,0,-1
00041601,תקציב שכר,2012,-1,34614,-1
00041602,אמרכלות,2012,-1,10746,-1
00041603,הדרכה והכשרת עובדים,2012,-1,0,-1
00041604,יחידת המיכון,2012,-1,8295,-1
00041605,פרויקט עתידים למגזר    הציבורי,2012,-1,2448,-1
00041606,רזרבה להתייקרויות      ולעמידה ביעד ההוצאה,2012,-1,1614,-1
00041607,"רזרבה לתכנית - ""צוערים לשירות המדינה""",2012,-1,17397,-1
00042101,שכר,2012,-1,10188,-1
00042102,אמרכלות,2012,-1,8308,-1
00042103,קידום הנגב והגליל,2012,-1,150267,-1
00042201,תוכנית לחיזוק הצפון,2012,-1,10933,-1
00042301,שכר,2012,-1,12609,-1
00042302,שרותים מרכזיים,2012,-1,34890,-1
00042303,רזרבה,2012,-1,2775,-1
00042304,קידום שיתוף פעולה      אזורי,2012,-1,0,-1
00190101,שירותים מרכזיים,2012,-1,37301,-1
00190102,אמרכלות,2012,-1,17800,-1
00190103,מחשוב,2012,-1,661,-1
00190401,קידום קשרים בינלאומיים,2012,-1,38744,-1
00190402,"מחקרים, פרוייקטים      ותמיכות במדע",2012,-1,19935,-1
00190403,תשתיות מדעיות,2012,-1,36978,-1
00190404,המועצה הלאומית למחקר   ופיתוח אזרחי,2012,-1,5876,-1
00190701,רזרבה,2012,-1,34870,-1
00192109,רשות העתיקות,2012,-1,57113,-1
00193103,"מינהל תרבות       